ID,Word,Meaning,Etymology,Derived
1,create,を創り出す；を引き起こす,cresce(生じる・成長する)が語源,creation(創造) / creative(創造的な)
2,increase,増加する；を増やす,in(上に) + cresce(増える) → 段階的に増える,decrease(減少する) / increasingly(ますます)
3,improve,を向上させる；よくなる,in(中に) + proud(利益) → 価値を高める,improvement(向上・改善)
4,mean,を意味する；(…する)つもりである(to do),mind(心)と同語源 → 心の中に思い浮かべる,meaning(意味) / meaningful(意味のある)
5,own,を所有している；(事実・罪など)を認める,owe(負うている)と同語源 → 自分のものにする,owner(所有者) / ownership(所有権)
6,include,を含む,in(中に) + clude(閉じる) → 枠の中に閉じ込める,exclude(除外する) / inclusive(含んだ)
7,consider,を見なす；について考える,con(共に) + sider(星) → 星座を見てじっくり運勢を考える,consideration(考慮) / considerable(かなりの)
8,allow,を許す；を与える；(～を)考慮に入れる(for),al(〜へ) + locare(配置する・割り当てる),allowance(手当・小遣い)
9,suggest,を提案する；を暗示する,sug(下に) + gest(運ぶ) → 下からそっと差し出す,suggestion(提案・暗示)
10,produce,を生産する；を取り出す,pro(前方へ) + duce(導く) → 前に引き出す,product(製品) / production(生産)
11,decide,を決める；に決着をつける,de(切り離す) + cide(切る) → 迷いを断ち切る,decision(決定) / decisive(決定的な)
12,offer,を提供する，申し出る,of(〜に向かって) + fer(運ぶ) → 相手の前に差し出す,offering(提供物・申し出)
13,require,を要求する；を必要とする,re(強く) + quire(求める) → 強く求める,requirement(必要条件) / required(必須の)
14,share,を共有する；を分担する,shear(切る)と同語源 → 切り分ける,shareholder(株主)
15,store,を保存する；を蓄える,instaurare(建てる・蓄える)が語源,storage(保管・貯蔵)
16,tend,傾向がある；を世話する,tend(伸ばす) → 特定の方向に心を伸ばす,tendency(傾向)
17,concern,〔受身形で〕心配している；〔受身形で〕(～に)関係する(with)；に関連する,con(共に) + cern(ふるい分ける) → 意識を集中させる,concerning(〜に関して)
18,describe,について述べる，を説明する,de(書き下ろす) + scribe(書く),description(描写・説明) / descriptive(描写的な)
19,involve,を関与させる；を伴う,in(中に) + volve(転がす) → 中に巻き込む,involvement(関与・巻き込み)
20,reduce,を減らす；を(～に)変える(to),re(後ろへ) + duce(導く) → 元の位置へ引き戻す,reduction(削減・減少)
21,design,を設計する；を計画する,de(書き下ろす) + sign(印を付ける),designer(設計者)
22,force,に強いる；を強要する,fort(強い)が語源 → 力で押し切る,forceful(力強い) / enfore(強制する)
23,limit,を制限［規制］する,limes(境界・道)が語源,limitation(制限・限界) / limited(限られた)
24,bear,に耐える；を負う；を産む；を(心に)抱く,fer(運ぶ・生む)と同語源 → 重荷を背負う,unbearable(耐えられない)
25,affect,に影響を及ぼす；を感動させる,af(〜へ) + fect(作る・行う) → 働きかける,affection(愛情) / affective(感情的な)
26,deal,〔＋withで〕を処理する；〔＋inで〕を商う；を分配する,part(分ける)と同語源 → 切り分けて配る,dealer(商人・取扱業者)
27,avoid,を避ける,a(〜から) + void(空の) → 離れて空間を空ける,avoidable(回避可能な) / avoidance(回避)
28,relate,を関連づける；(～に)関連する(to),re(再び) + late(運ぶ) → 結びつけて連れていく,relation(関係) / relative(親戚・相対的な)
29,realize,に気づく；を実現する,real(現実の) + ize(〜にする) → 実体化させる,realization(理解・実現)
30,encourage,を奨励する；を励ます,en(〜にする) + courage(勇気) → 勇気を与える,discourage(落胆させる) / encouragement(励まし)
31,compare,を比較する；を(～に)たとえる(to),com(共に) + par(等しい) → 並べて比べる,comparison(比較) / comparative(比較の)
32,measure,を測る；を(比較して)評価する,mensus(測られた)が語源,measurement(測定・寸法)
33,exist,存在する；生存する,ex(外へ) + sist(立つ) → 現れ出る,existence(存在) / existing(現存する)
34,mark,に印をつける；を(記号で)示す；に汚れをつける,margin(余白)と同語源 → 境界を示す印,marker(目印・マーカー)
35,challenge,に異議を唱える；(人)に挑む,calumnia(言いがかり)が語源 → 言いがかりを設けて挑む,challenger(挑戦者)
36,depend,頼る；～次第である,de(下に) + pend(ぶら下がる) → 下にぶら下がる,dependent(依存している) / independent(独立した)
37,object,反対する；(…)と言って反対する(that節),ob(向かって) + ject(投げる) → 反対の意見を投げつける,objection(反対・異議) / objective(客観的な・目的)
38,demand,を要求する,de(強く) + mand(命じる) → 強く求める,demanding(厳しい・要求の多い)
39,found,を設立する；(理論など)を(～に基づいて)築く(on),fundus(底・基礎)が語源,foundation(設立・基礎) / founder(創設者)
40,complete,を完成させる，仕上げる,com(完全に) + plet(満たす) → 満杯にする,completion(完成) / completely(完全に)
41,idea,考え，思いつき；理解；見解；概念,id(見る) → 頭の中に見えるイメージ,ideal(理想的な)
42,accord,一致；合意，協定,ad(〜へ) + cord(心) → 心を一つにする,accordingly(それに応じて) / accordance(一致)
43,company,会社；〔集合的に〕仲間；(仲間と)一緒にいること；一座,com(共に) + pan(パン) → パンを食む仲間,companion(仲間)
44,interest,興味；利子；利害,inter(の間に) + est(存在する) → 強い関わりがあること,interesting(興味深い)
45,research, (～についての)研究，調査(into / on / in),re(再び) + search(探す) → 繰り返し探求する,researcher(研究者)
46,cause,原因；理由；大義,causa(訴訟・理由),causal(原因となる)
47,reason,理由；(…する)根拠(to do)；理性；分別,rat(計算する・考える)が語源,reasonable(道理にかなった・手頃な)
48,effect,影響，効果；結果,ex(外へ) + fect(作る) → 作り出された結果,effective(効果的な) / affection(愛情)
49,influence,影響(力),in(中に) + flue(流れる) → 人の中に流れ込んで変化させる,influential(影響力のある)
50,situation,状況；(人の置かれた)立場,site(場所)が語源 → 置かれた場所・状態,situate(位置づける)
51,environment,環境,en(〜の中に) + vir(回る) → 周りを取り囲むもの,environmental(環境の)
52,skill,技能；熟練,skill(分離する・見分ける)が語源 → 見分ける能力,skilled(熟練した) / skillful(巧みな)
53,matter,事柄；問題；〔～s〕事態；〔the ～〕困難；物質,mater(母・材料)が語源 → 実体のあるもの,material(材料・物質的な)
54,view, (～についての)見解(on / about)；(～に対する)(特定の)見方(of)；眺め,vid(見る)が語源,viewer(視聴者)
55,value,価値；価格；評価；〔～s〕価値観,val(強い・価値がある)が語源,valuable(価値のある) / evaluate(評価する)
56,species, (生物の)種；種類,spec(見る) → 見た目で分類された種類,special(特別な)
57,thought,考え；思考,think(考える)の名詞形,thoughtful(思いやりのある) / thoughtless(不配慮な)
58,knowledge,知識；知っていること；認識,know(知る) + ledge(状態・過程),knowledgeable(知識が豊富な)
59,memory,記憶(力)；(～の)思い出(of),mem(心に留める)が語源,memorize(暗記する) / memorial(記念碑)
60,practice,実践，実行；(社会の)慣習；練習,prac(行う)が語源,practical(実践的な) / practitioner(開業者・実践者)
61,benefit,利益，恩恵；給付金,bene(良い) + fit(作る) → 良いことをもたらすもの,beneficial(有益な)
62,theory,学説；理論；原理；推測,thea(見る・観察する)が語源,theoretical(理論上の)
63,issue,問題(点)；発行(物)；発表,ex(外へ) + ire(行く) → 外に出てくる問題・出版物,issuer(発行者)
64,experiment, (～を対象とする)実験(on),ex(外へ) + peri(試す) → 試してみること,experimental(実験的な)
65,article,記事；条項；品物,art(関節・小分け)が語源 → 細かく分けられた項目・記事,articulate(明確に述べる)
66,focus,焦点；関心の的,focus(暖炉・火元)が語源 → 人が集まる中央の場所,focal(焦点の)
67,subject,話題；科目；主題；被験者,sub(下に) + ject(投げる) → 支配下に置かれたテーマ・人,subjective(主観的な)
68,project,計画；事業；研究計画,pro(前方へ) + ject(投げる) → 前方に投げかけた構想,projection(予測・投影)
69,quality,質；特質,qualis(どのような)が語源 → どのような状態か,qualify(資格を与える)
70,role,役割；(俳優などの)役,rot(回転する・巻物) → 台本（巻物）に書かれた役,enroll(登録する)
71,term, (専門)用語；〔～s〕条件；〔～s〕間柄；学期,terminus(境界・終わり)が語源 → 範囲を区切る言葉・期間,terminate(終わらせる)
72,statement,声明；主張；明細書,state(述べる・状態) + ment(名詞化),state(述べる)
73,material,材料，素材；資料；生地,mater(母・基礎となるもの)が語源,materialism(物質主義)
74,evidence,証拠,ex(外へ) + vid(見る) → はっきりと外に見えるもの,evident(明白な)
75,source, (～の)源，根源(of)；出所，情報源,surg(湧き出る)が語源 → 水が湧き出る源,resource(資源)
76,community, (共同)社会，～界；地域社会；地域住民,com(共に) + mun(親切・奉仕) → 共に支え合う集団,communal(共同体の)
77,technology,科学技術；応用技術,techne(技術) + logy(学問),technological(科学技術の)
78,culture,文化；教養；耕作；養殖；培養,cult(耕す)が語源 → 心や土地を耕すこと,cultural(文化的な) / cultivate(耕す)
79,appropriate, (～に)適切な(for / to),ad(〜へ) + proprius(自身の・適した),appropriately(適切に)
80,likely,ありそうな,like(似ている・同じ) + ly(形容詞化),likelihood(可能性)
81,possible,可能な；可能性のある,pos(能力がある) → できる可能性がある,possibility(可能性) / possibly(ひょっとすると)
82,individual,個々の；個人の,in(打ち消し) + divide(分ける) → これ以上分けられない一個の存在,individuality(個性)
83,public,公の；公衆の；公開の,populus(人々・民衆)が語源,publicly(公に) / publicity(広報・宣伝)
84,common,共通の；普通の；一般の,com(共に) + mun(共有の・奉仕する) → みんなで共有する,commonly(一般に)
85,certain,確信して；確かな；ある；一定の,cern(ふるい分ける・決定する)が語源,certainly(確かに) / certainty(確実性)
86,similar,似ている，類似した；同様の,simil(同じ)が語源,similarity(類似点) / similarly(同様に)
87,recent,最近の,recens(新しい・新鮮な)が語源,recently(最近)
88,major,主要な；大きい(ほうの)；長調の,mag(大きい)の比較級,majority(過半数・多数派)
89,patient,忍耐強い；勤勉な,pass(苦しむ・耐える)が語源,patience(忍耐) / patient(患者)
90,particular,特定の；特別の；(～について)やかましい(about),part(部分) → 細かい部分にこだわる,particularly(特に)
91,physical,身体の；物質的な；物理学の,physis(自然・肉体)が語源,physician(医師) / physics(物理学)
92,various,さまざまな；いくつかの,vary(変わる) → 変化に富んだ,variety(多様性) / vary(異なる)
93,available,手に入る；利用できる；手が空いている,a(〜へ) + vail(価値がある・効力がある) → 利用する価値がある,availability(利用可能性)
94,native,出生地の；原産の；生得の,nat(生まれる)が語源,nativity(誕生) / nation(国家)
95,political,政治(上)の,polis(都市国家)が語源,politics(政治) / politician(政治家)
96,due,予定された；(支払)期日で；しかるべき,devoir(負うている)が語源 → 支払うべき・到達すべき,duty(義務)
97,blank,空白の；無表情な；がらんとした,blanc(白い・輝く)が語源 → 白紙のままの,blanket(毛布)
98,ancient,古代の；昔からの,ante(前に)が語源 → 大昔の,ancestor(祖先)
99,correct,正しい；適切な,com(完全に) + rect(まっすぐな) → 完全に正された,correction(訂正) / correctly(正しく)
100,despite,～にもかかわらず,de(下を見下す) + spite(見る) → 見下して無視して進む,spite(悪意・意地悪)
101,notice,に気づく,not(知る) → 知るための記号・合図,noticeable(目立つ・顕著な)
102,refer,言及する，関連する；参照する,re(後ろへ) + fer(運ぶ) → 視線を元へ戻す・参照する,reference(参照・言及)
103,approach,に近づく；に取り組む,ad(〜へ) + prope(近く) → 距離を縮める,approachable(近寄りやすい)
104,wonder,かなと思う；(に)驚く(at),wondrous(素晴らしい)と同語源,wonderful(素晴らしい)
105,imagine, (を)想像する；(を)推測する,image(像) + ine(動詞化) → 心の中に像を描く,imagination(想像力) / imaginary(架空の)
106,recognize,を識別できる；を認める,re(再び) + con(共に) + gnos(知る) → 見覚えて知る,recognition(認識・承認)
107,solve,を解く，解明する；(困難など)を解決する,se(離れて) + luere(解く) → 解きほぐす,solution(解決策) / solvent(解決する)
108,occur,起こる；心に浮かぶ；現れる,ob(向かって) + cur(走る) → 目の前に走り出てくる,occurrence(出来事・発生)
109,argue,と主張する；議論する,arg(輝く・白) → 明らかにして主張する,argument(議論・主張)
110,claim,と主張する；を(自分のものとして)要求する,clam(大声で叫ぶ)が語源,claimant(要求者・原告)
111,express,を表す，述べる,ex(外へ) + press(押す) → 感情を押し出す,expression(表現) / expressive(表現豊かな)
112,draw,を引き出す；を引く；を描く；近づく,drag(引っぱる)と同語源,drawer(引き出し・描く人)
113,waste,を浪費する，無駄にする,vastus(空っぽの・荒廃した)が語源,wasteful(無駄の多い)
114,advance,を進歩させる；を進める；進歩する；進む,ab(〜から) + ante(前) → 前に進む,advancement(進歩) / advanced(進んだ・上級の)
115,spread,を広める；広がる,sprout(芽出る)と同語源 → 一面に広がる,widespread(広範囲にわたる)
116,prepare,を準備する；を調理する；(～のために)準備をする(for),pre(前もって) + pare(整える),preparation(準備) / preparatory(準備の)
117,gain,を獲得する；(を)増す,gain(耕作する・手に入れる)が語源,gainful(儲かる)
118,achieve,を達成する；を成し遂げる,a(〜へ) + chief(頭) → 頂点に達する,achievement(業績・達成)
119,establish,を確立する；を設立する,sta(立つ) → 確固たるものとして立たせる,establishment(設立・施設)
120,supply,を供給する,sub(下から) + ple(満たす) → 不足分を満たす,supplier(供給業者)
121,suppose,と思う；と仮定する,sub(下に) + pose(置く) → 前提として下に置く,supposition(仮定) / supposedly(たぶん)
122,perform, (を)行う；(を)演じる，(を)演奏する,per(完全に) + form(形づくる) → 完成させる,performance(業績・公演) / performer(実演家)
123,prefer,のほうを好む,pre(前に) + fer(運ぶ) → 他より前に持ってくる,preference(好みのもの) / preferable(望ましい)
124,determine,を決定する；を正確に知る,de(完全に) + termin(境界・限界) → 境界を定める,determination(決意) / determined(断固とした)
125,treat,を扱う；を治療する,tract(引く) → 手で扱う・誘導する,treatment(治療・取り扱い)
126,prove,を証明する；判明する，わかる,probus(良い・本物の)が語源,proof(証拠) / approval(承認)
127,apply,を適用［応用］する；申し込む；(～に)適用される(to / in),ad(〜へ) + ply(重ねる) → 当てはめる,application(応用・申請) / applicant(志願者)
128,mention,に言及する；と言う,men(心・思う) → 心に思い浮かべて口に出す,mentionable(言及する価値のある)
129,communicate, (～と)情報交換をする(with)；を伝達する,communis(共通の) → 共有する,communication(意思疎通)
130,contain,を含む；を収容する；(感情など)を抑える,con(共に) + tain(保つ) → 一箇所に保持する,container(容器) / containment(抑制)
131,contact,と連絡を取る；接触する,con(共に) + tact(触れる) → 触れ合うこと,contactless(非接触の)
132,regard,を見なす；を見る；を評価する,re(じっと) + gard(見る) → 注意深く見つめる,regardless(かかわらず) / regarding(〜に関して)
133,respect,を尊敬する；を尊重する,re(再び) + spect(見る) → 何度も振り向いて見る,respectable(ちゃんとした) / respectful(礼儀正しい)
134,search,捜す；を捜索する；を詳しく調べる,circus(円・巡る)が語源 → 周囲を探し回る,searchlight(探照灯)
135,connect,をつなぐ；を関連づける,con(共に) + nect(結ぶ) → 互いに結びつける,connection(接続・関係)
136,decline,減少する；衰退する；を断る,de(下へ) + clin(傾く) → 下に向かって傾く,declination(傾斜・辞退)
137,prevent,を妨げる；を防ぐ,pre(前もって) + vent(行く) → 先回りして防ぐ,prevention(予防) / preventive(予防の)
138,suffer,苦しむ；患う；(苦痛など)を経験する,sub(下で) + fer(耐える・運ぶ) → 重荷に耐える,suffering(苦しみ)
139,survive,を切り抜けて生き残る；より長生きする；生き延びる,sur(超えて) + vive(生きる) → 試練を超えて生きる,survival(生存) / survivor(生存者)
140,publish,を出版する；を公表する,public(公の) + ish(動詞化) → 広く一般に出す,publication(出版・公表) / publisher(出版社)
141,opportunity,機会,ob(〜に向かって) + port(港) → 船が港に入れる良いタイミング,opportunistic(日和見主義の)
142,task, (課せられた)仕事，作業；課題；タスク,tax(税金・課税)と同語源 → 割り当てられた義務,taskmaster(仕事の監督)
143,industry,産業；勤勉,indu(内部) + stru(組み立てる) → 内で地道に組み立てること,industrial(産業の) / industrious(勤勉な)
144,medium, (情報伝達の)媒体；手段,medi(中央) → 中間にある媒介物,media(メディア [複数形])
145,economy,経済(状態)；経済圏；節約,oikos(家) + nomos(管理) → 家計のやりくり,economic(経済の) / economical(節約志向の)
146,policy,政策，方針；(個人の)主義,polis(都市国家)が語源 → 国家の統治方針,policymaker(政策立案者)
147,account,説明；勘定；口座,ad(〜へ) + count(計算する) → 計算して報告する,accountant(会計士) / accountability(説明責任)
148,trade,貿易；商売，取引,tread(歩く・踏む)と同語源 → 決められた道を往復して商う,trader(商人)
149,model,模範；モデル；模型；型,modus(尺度・基準)が語源 → 基準となる型,modeler(模型制作者)
150,figure,数字；姿；人物；図表,fing(形づくる)が語源 → 形づくられた姿・数字,figurehead(象徴的頭領)
151,cell,細胞；独房；電池,cel(隠す・覆う)が語源 → 小さく仕切られた部屋,cellular(細胞の・携帯電話の)
152,image,印象，イメージ；画像；像,im(模倣する)が語源 → 模倣して作られた像,imagery(描写・表象)
153,emotion,感情，情動；感動,ex(外へ) + mot(動く) → 心の外へと動く感情,emotional(感情的な)
154,stress,ストレス；圧力；強調,strict(きつく縛る)が語源 → 締め付ける圧力,stressful(ストレスの多い)
155,decade,10年間,deca(10)が語源,decathlon(十種競技)
156,range,範囲；射程距離；(同類の)組,ring(輪・並び)と同語源 → 列に並んだ範囲,ranger(警備員)
157,character,性格，個性；特徴；登場人物；文字,charax(刻みつける道具)が語源 → 刻まれた特徴・文字,characteristic(特徴的な) / characterize(特徴づける)
158,advantage,利点；優勢；有利,ab(〜から) + ante(前) → 優位に前に出ていること,disadvantage(不利・デメリット)
159,phrase,句；成句；言葉遣い,phraz(語る・表現する)が語源,phrasal(句の)
160,damage,損害，損傷；〔～s〕損害賠償金,damnum(損失)が語源,damaging(有害な)
161,impact,影響；(激しい)衝突；衝撃(力),in(中に) + pact(打ち込む) → しっかり打ち込まれる衝撃,impactful(影響の大きい)
162,method,方法；体系；秩序,meta(追って) + hodos(道) → 筋道に沿って進む方法,methodical(秩序立った)
163,resource,〔通例～s〕資源；〔通例～s〕資金；才覚,re(再び) + source(湧き出る) → 何度も湧き出る源,resourceful(機転が利く)
164,region,地域；領域；部位,reg(支配する・導く)が語源 → 支配される範囲,regional(地域の)
165,medicine,薬；医学,med(治療する・考慮する)が語源,medical(医学の) / medication(薬剤)
166,detail,〔～s〕詳細(な情報)，細部,de(細かく) + tail(切る) → 細かく切り分けた部分,detailed(詳細な)
167,feature,特徴；〔通例～s〕顔つき；特集記事［番組］,fect(作る)が語源 → 作り出された外観・特色,featureless(特徴のない)
168,function,機能；関数,fung(果たす・行う)が語源,functional(機能的な)
169,access,利用，入手；接近(の機会・方法・権利),ad(〜へ) + cess(行く) → 近づいて手に入れること,accessible(アクセスしやすい)
170,item,品目，項目；(同種の中の)～個；(短い)記事,ita(同様に)が語源 → 並べられた個々の項目,itemize(項目ごとに分ける)
171,income,収入；所得,in(中に) + come(入ってくる) → 手元に入るお金,outcome(結果)
172,attitude,態度；考え方，心構え,aptus(適した)が語源 → 身構え・構え方,aptitude(適性)
173,site,用地，場所；跡地；(ウェブ)サイト,sin(置く・残す)が語源 → 置かれた場所,situate(位置づける)
174,aspect, (物事の)側面；観点；様相,ad(〜へ) + spect(見る) → 見た目の一側面,spectacle(壮観)
175,structure,構造；体系；構造物,stru(組み立てる)が語源,structural(構造上の) / instruct(指示する)
176,habit,習慣，癖,habe(保つ・持っている) → 身について離れない習性,habitual(習慣的な) / habitat(生息地)
177,link,関連，つながり；(2地点を結ぶ)交通手段；リンク,link(輪・鎖)が語源 → 鎖の輪のように繋ぐもの,linkage(つながり・連鎖)
178,instance, (具体的な)例，実例；(特定の)場合,in(中に) + sta(立つ) → 目の前に立ち現れた例,instant(即座の) / instantial(事例の)
179,positive,肯定的な；積極的な；確信して；(検査結果が)陽性の,pos(置く) → 確固として置かれた・前向きな,positively(肯定的に)
180,negative,否定的な；消極的な；(検査結果が)陰性の,neg(否定する)が語源,negate(否定する) / negativity(消極性)
181,complex,複雑な；複合(体)の,con(共に) + plex(織り込む) → 複雑に織り合わさった,complexity(複雑さ)
182,current,現在の；現代の；通用している,cur(走る・流れる) → 今流れている,currently(現在は) / currency(通貨)
183,mental,精神の；知能の；頭の中で行う,ment(心・思考)が語源,mentality(精神構造) / mentally(精神的に)
184,specific,特定の；明確な，具体的な；(～に)特有の(to),spec(見る) + fic(作る) → 種を明確に特定した,specifically(具体的には) / specify(指定する)
185,significant,重要な，重大な；意義深い,sign(印) + fic(作る) → 印をつけるほど目立つ・重要な,significance(重要性) / significantly(著しく)
186,essential, (～に)必要不可欠な(to / for)；本質的な,ess(存在する)が語源 → 存在の根幹をなす,essence(本質) / essentially(本質的に)
187,official,公用の；公式の；役所の,opus(仕事) + fic(行う) → 公の職務を行う,officially(公式に) / officer(将校・役員)
188,financial,財政(上)の；財界の,fin(終わり・決済)が語源 → 支払い・決済に関する,finance(財政・資金調達)
189,academic,学問の；大学の,Academos(古代ギリシャのアカデモスのアカデメイア)が語源,academy(学園・協会)
190,aware,気づいて，知って,a(〜の状態で) + ware(注意深い) → 注意を払っている,awareness(意識・認識)
191,worth, (…する)に値する(doing)；の価値がある,wert(回転する・相当する)が語源,worthy(価値がある) / worthwhile(価値のある)
192,potential,潜在的な；可能性を秘めた,pot(能力がある)が語源 → 力・可能性を秘めた,potentiality(潜在能力)
193,active,積極的な；活動的な；効力のある,act(動く・行う)が語源,activity(活動) / activate(起動する)
194,digital,デジタル方式の；デジタル［数字］表示の,digit(指・数字) → 指で数える数字の,digitize(デジタル化する)
195,mobile,可動［移動］式の；流動性のある,mov(動く)が語源 → 動きやすい,mobility(移動性) / mobilize(動員する)
196,novel,斬新な，目新しい,nov(新しい)が語源,novelty(珍しさ) / novelist(小説家)
197,plastic,柔軟な；プラスチックの，ビニールの,plas(形づくる)が語源 → 自由にかたちを変えられる,plasticity(可塑性)
198,chemical,化学の，化学的な,alchemy(錬金術)が語源,chemist(化学者) / chemistry(化学)
199,necessary,必要な,ne(不) + cede(譲る) → 譲ることができない・不可欠な,necessity(必要性) / necessarily(必ずしも)
200,eventually,結局(は),ex(外へ) + vent(来る) → 行き着いた結果として,eventual(最終的な) / event(出来事)
201,identify,を特定する；を(～と)同一視する(with),idem(同じ) + fy(化する) → 同一のものと確かめる,identification(身元確認・特定) / identity(身元・同一性)
202,represent,を表す；を代表する；に相当する,re(再び) + present(前に出す) → 再び目の前に提示する,representative(代表者・代表的な) / representation(表現・代表)
203,indicate,を指し示す；を述べる,in(の中に) + dicate(示す・語る) → 指し示して教える,indication(指示・兆候) / indicator(指標)
204,manage,をなんとか成し遂げる；を管理する,manus(手) → 手で上手に扱う・手なずける,management(管理・経営) / manager(管理者)
205,attend,に出席する；(を)世話する；(～に)対処［対応］する(to),ad(〜へ) + tend(意識を伸ばす) → 意識をそこに向ける,attendance(出席・世話) / attendant(係員)
206,maintain,を維持する；と主張する；を養う,manus(手) + tain(保つ) → 手元にしっかり保ち続ける,maintenance(維持・整備)
207,survey,を調査する；をじろじろ見る；を概観する,sur(上から) + vey(見る) → 見渡して調べる,surveyor(調査員・測量技師)
208,replace,に取って代わる；を取り替える,re(再び) + place(場所) → 別のものを元の場所に置く,replacement(交換・後任)
209,sort,を(～に)分類する(into)；を(～から)えり分ける(from),sors(運命・割り当て) → 種類ごとに分ける,assortment(各種揃い)
210,conduct, (調査・実験など)を実施する；を導く,con(共に) + duct(導く) → 全体をまとめて導き行う,conductor(指揮者・車掌)
211,associate,を結び付けて考える；(～と)交際する(with),ad(〜へ) + socius(仲間) → 仲間として結びつける,association(協会・連想)
212,attempt,を試みる，企てる,ad(〜へ) + tempt(試す・誘惑する) → 手を出してやってみる,attempted(未遂の)
213,promote,を促進する；〔通例受身形で〕昇進する,pro(前方へ) + mote(動かす) → 前へ推し進める,promotion(昇進・促進)
214,earn,を稼ぐ；を得る；をもたらす,arn(収穫する)が語源 → 働いて収穫を得る,earnings(稼ぎ・所得)
215,unite,を団結させる；(を)結合する；団結する,unus(ひとつ) → 一つにまとめる,unity(結束・統一) / union(組合・結合)
216,feed,に食べ物［乳］を与える；に(～を)供給［補給］する(with)；餌を食べる,food(食べ物)と同語源 → 食べ物を与える,feedback(フィードバック)
217,seek,を追い求める；(助けなど)を要請する,sag(察知する・探す)が語源 → 探し求める,seeker(探求者)
218,observe,に気づく；を観察する；を遵守する,ob(前に) + serve(保つ・見守る) → じっくり見守る・決まりを守る,observation(観察) / observance(遵守)
219,reveal,を明らかにする；を見せる,re(反対の) + veil(ベール・ we'll) → ベールを外す,revelation(暴露・新事実)
220,estimate,と推定する；を見積もる；を評価する,aestimare(価値をつける)が語源,estimation(見積もり・評価) / underestimating(低く見積もること)
221,reflect,を反映する；(を)反射する；(を)熟考する,re(後ろへ) + flect(曲げる) → 光や像を跳ね返す・思いを巡らせる,reflection(反射・熟考) / reflective(反射する・思慮深い)
222,attract,を引きつける,ad(〜へ) + tract(引く) → 心や視線をぐっと引き寄せる,attraction(魅力・アトラクション) / attractive(魅力的な)
223,decrease,減少する；を減らす,de(下へ) + cresce(増える) → 増える方向の逆を行く,decreased(減少した)
224,ignore,を無視する,in(知らない) + gnarus(知る) → 知っているのに知らないふりをする,ignorance(無知) / ignorant(無知の)
225,match, (と)合う；に匹敵する；一致する,maka(仲間・適当なもの)が語源 → つり合うもの,matchless(無比の)
226,define,を定義する；を明確にする,de(完全に) + fin(境界) → 境界をはっきり定める,definition(定義) / definite(明確な)
227,adapt,適応する；を(～に)適合させる(to),ad(〜へ) + apt(適した) → ぴったり合わせる,adaptation(適応・改作) / adaptable(適応性がある)
228,contribute,貢献する，一因となる；(を)寄付する；(を)寄稿する,con(共に) + tribute(与える) → みんなで差し出す,contribution(貢献・寄付) / contributor(貢献者)
229,exchange, (を)交換する；両替する,ex(外へ) + change(変える) → 互いのものを出し合って変える,exchangeable(交換可能な)
230,display,を示す；を発揮する；を展示［陳列］する,dis(開く) + plicare(折る) → 折りたたみを広げて見せる,displayer(表示装置)
231,respond,反応する；答える,re(打ち返して) + spond(約束する・誓う) → 問いかけに応じる,response(応答・反応) / responsive(反応が良い)
232,hide,を隠す；隠れる,hide(覆う・皮膚)と同語源 → 覆い隠す,hidden(隠された)
233,doubt,ではないと思う；を疑う,duo(2つ) → 心が2つの間で揺れ動く,doubtful(疑わしい) / doubtless(疑いなく)
234,remove,を取り除く；を解雇する,re(離れて) + move(動かす) → 別の場所へ移動させる,removal(除去・移動)
235,wind, (ねじなど)を巻く；(道などが)曲がりくねる；巻きつく,wind(風・めぐる)と同語源 → グルグル回して巻く,unwind(巻いたものをほどく)
236,assume,を当然のことと思う，と仮定する；(権力など)を手に入れる；(責任など)を引き受ける,ad(〜へ) + sume(取る) → 根拠なしに自分のものとして引き受ける,assumption(仮定・引き受け)
237,relax,くつろぐ；緩む；をくつろがせる；を緩める,re(再び) + lax(緩い) → 張り詰めた糸を緩める,relaxation(くつろぎ・緩和)
238,satisfy,を満足させる；(条件など)を満たす,satis(十分な) + fy(化する) → 十分な状態にする,satisfaction(満足) / satisfactory(満足のいく)
239,desire,を強く望む,de(離れて) + sider(星) → 星を見失い強く買い求める,desirable(望ましい)
240,succeed, (～に)成功する(in)；(～を)継承する(to),sub(下に) + cede(行く) → 後に続いてうまくいく・引き継ぐ,success(成功) / succession(継承) / successful(成功した)
241,concept,概念；考え；(商品・販売の)コンセプト,con(共に) + cept(掴む) → 心の中で一つに掴み取った考え,conception(概念・妊娠) / conceptual(概念の)
242,fashion,流行，ファッション；方法，流儀,fact(作る)が語源 → 作り出されたスタイル・様式,fashionable(流行の)
243,device,装置，機器；方策；デバイス,dis(離れて) + vid(分ける) → 工夫して作り出した道具,devise(考案する)
244,charge,料金；世話；管理；告発,carrus(荷車)が語源 → 荷車に負担を載せる・義務を課す,recharge(再充電する)
245,contrast, (～との)対照(with / to),contra(反対に) + stare(立つ) → 反対側に立たせて比べる,contrasting(対照的な)
246,colleague, (職場の)同僚,con(共に) + leg(選ぶ・同盟) → 同じ職務に選ばれた仲間,collegial(同僚の)
247,pain,苦痛，痛み；苦悩；〔～s〕骨折り,poena(罰・苦しみ)が語源,painful(痛い) / painless(痛みのない)
248,bill,請求書；【英】勘定書；法案,bulla(印章付きの文書)が語源,billboard(看板)
249,content,内容，中身；コンテンツ,con(共に) + tain(保つ) → 内部に保持されているもの,contentment(満足)
250,section,部門；部分；地区；欄,sect(切る) → 切り分けられたひと区切り,sectional(部分的な)
251,audience,〔集合的に〕聴衆，観客；視聴者,audi(聴く)が語源 → 聴く人々の集まり,audio(音声の) / audition(オーディション)
252,surface,表面；〔the ～〕外見,sur(上の) + face(顔・面) → 上に出ている面,surf(波乗りする)
253,crop,〔しばしば～s〕作物；収穫高,crop(首・丸く切る) → 首を刈り取って収穫するもの,cropper(大失敗・収穫者)
254,topic,話題，トピック；主題,topos(場所)が語源 → 議論の場・テーマ,topical(話題の)
255,technique,技術；技巧；手法,techne(技術)が語源 → 手際よく行う技術,technical(技術的な) / technician(技術者)
256,status,地位；状態,sta(立つ) → 社会の中で立っている位置・状態,statue(彫像) / stature(背丈・声望)
257,option,選択(の自由)；選択肢,opt(選ぶ)が語源,optional(任意・選択の)
258,reward,報酬；報い,re(再び) + ward(見守る・報いる) → 行いに対して報いるもの,rewarding(やりがいのある)
259,race,人種；民族；競争,radix(根)または run(走る)が語源,racial(人種の) / racism(人種差別)
260,crime,罪，犯罪；違法行為,cern(判別する・裁く)が語源 → 裁かれるべき犯罪,criminal(犯罪者・刑事上の)
261,conflict,争い；論争；不一致,con(共に) + flict(ぶつかる) → 互いに激しくぶつかり合うこと,conflicting(対立する)
262,struggle,闘い；懸命の努力,strouk(もがく)が語源 → 身をもがいて苦闘する,struggling(奮闘する)
263,context,状況，背景；文脈,con(共に) + text(織る) → 前後に織り込まれた背景・文脈,contextual(文脈上の)
264,debate,討論，論争；討論会,de(完全に) + bat(打つ) → 言葉で叩き合って議論する,debatable(議論の余地がある)
265,fuel,燃料；勢いを増加させるもの,foc(火)が語源 → 火を燃やすための材料,refuel(燃料を補給する)
266,pollution,汚染，公害,pro(前へ) + lut(泥を塗る・汚す) → 泥で汚すこと,pollute(汚染する) / pollutant(汚染物質)
267,trend, (～への)傾向(toward)；流行,trend(回転する・向かう)が語源 → 特定の方向へ向かう流れ,trendy(流行の)
268,balance,均衡，バランス；(体の)平衡；残高,bis(2つの) + lanx(皿) → 2つの皿がつり合う天秤,balanced(バランスの取れた)
269,traffic,交通；通行；交通［輸送］量；(不正)取引,trans(超えて) + fic(運ぶ) → 行き交う交通量,trafficker(密売人)
270,strategy,戦略,stratos(軍隊) + ag(導く) → 軍を導く作戦,strategic(戦略的な) / strategist(戦略家)
271,basis,基礎；根拠；基準,ba(歩く・立つ) → 足元にしっかり立つ土台,basic(基本的な) / basically(基本的に)
272,consequence,〔通例～s〕結果；重大性,con(共に) + sequ(続く) → あとからついてくる結果,consequent(結果として生じる) / consequently(結果として)
273,aim,目的，目標；狙い,aestimare(見積もる)が語源 → 狙いを定めて目指す,aimless(目的のない)
274,ancestor,祖先；原型,ante(前に) + cede(行く) → 前を行っていた人々,ancestral(祖先の)
275,gene,遺伝子,gen(生み出す)が語源,genetic(遺伝の) / genetics(遺伝学)
276,track,跡；軌道；【米】(鉄道の)番線；走路,tread(足跡)と同語源 → 足跡・通り道,tracksuit(トレーニングウェア)
277,revolution,革命；回転；(天体の)公転,re(再び) + volv(転がる) → ガラリと一回転して変わる,revolutionary(革命的な) / revolve(回転する)
278,progress,進歩；前進,pro(前方へ) + gress(進む) → 前に向かって進んでいく,progressive(進歩的な)
279,cognitive,認知の,con(共に) + gnos(知る) → 情報を知覚・理解する,cognition(認知) / cognizable(認識できる)
280,ideal,理想的な；観念的な,idea(頭の中のイメージ) + al(形容詞化),idealism(理想主義) / idealize(理想化する)
281,efficient,効率的な；有能な,ex(外へ) + fic(作る) → 無駄なく結果を作り出せる,efficiency(効率) / efficiently(効率的に)
282,universal,普遍的な；宇宙の；万能の,unus(ひとつ) + vert(回転する) → 全体がひとつに回った・全般的な,universe(宇宙) / universality(普遍性)
283,vast,莫大な；広大な,vastus(空っぽの・果てしない)が語源,vastly(非常に・莫大に)
284,extra,追加の，余分の；別勘定の,extra(外側に)が語源 → 枠の外にある余分なもの,extraordinary(並外れた)
285,entire,全体の，全部の；完全な,in(不) + tact(触れる) → 触れられていない丸ごとの,entirely(完全に・まったく) / entirety(全体)
286,familiar,精通している；よく知られている,familia(家族) → 家族のように親しい・馴染みの,familiarity(精通・親しみ) / familiarize(慣れさせる)
287,obvious,明らかな,ob(前に) + via(道) → 目の前の道にあって誰でもわかる,obviously(明らかに)
288,moral,道徳(上)の，倫理的な；道徳的な,mos(風習・おきて)が語源,morality(道徳性) / morally(道徳的に)
289,ordinary,一般の，普通の；並の,ordo(順序・列) → 順序通りのありふれた,extraordinary(並外れた) / ordinarily(通常は)
290,equal, (～に)等しい(to)；匹敵する；平等な,aequus(平らな・等しい)が語源,equality(平等) / equally(同様に)
291,previous,以前の，前の,pre(前に) + via(道) → 先の道を行っていた,previously(以前は)
292,FALSE,間違った；虚偽の；偽の,fall(騙す)が語源 → 事実と異なる,falsehood(嘘・偽り) / falsify(偽造する)
293,rare,まれな，珍しい；希少な,rarus(隙間のある・まばらな)が語源,rarely(滅多に〜ない) / rarity(珍しさ)
294,legal,法律の；合法の,lex(法律)が語源,legality(合法性) / legalize(合法化する)
295,independent, (～から)独立した(of / from),in(不) + de(下に) + pend(ぶら下がる) → 誰の下にもぶら下がらない,independence(独立) / independently(独立して)
296,extreme,極端な；極度の，過激な,extra(外側)の最高級 → 端の端まで行き切った,extremely(極めて) / extremist(過激派)
297,actual,実際の，現実の,act(動く・行う) → 実際に起こっている,actually(実は・実際に)
298,willing,いとわない，かまわないと思う,will(意志) + ing → 自ら進んで〜する気がある,willingness(進んで行う意思) / unwilling(乗り気でない)
299,urban,都市の；都会的な,urbs(都市)が語源,urbanize(都市化する) / suburban(郊外の)
300,whereas,～するのに(対し)，～する一方,where(〜である場所で) + as(〜のように) → 一方で〜であるのに対して,
301,predict,を予言［予測］する,pre(前に) + dict(語る) → 起こる前に言う,prediction(予測) / predictable(予測可能な)
302,examine,を調べる；を診察する；を尋問する,ex(外へ) + agere(動かす) → 天秤で重さをしっかり測り調べる,examination(検査・試験) / examiner(試験官・検査員)
303,trust,を信頼する；を(信頼して)託す,trygg(確かな・安全な)が語源,trustworthy(信頼できる) / trustee(理事・受託者)
304,stick,を動けなくする；を突き刺す；(～に)くっつく(to / on),stik(刺す・尖った棒)が語源,sticky(くっつく・粘着性の) / sticker(ステッカー)
305,emerge,現れる；明らかになる；台頭する,e(外へ) + merge(沈む) → 水底から浮かび上がる,emergence(出現) / emergency(緊急事態)
306,vary,さまざまである；変わる；を変える,vario(変わる)が語源,variety(変化・多様性) / variable(変わりやすい)
307,release,を放出する；を解放する；を発表する,re(再び) + lax(緩める) → 縛りを解いて解き放つ,releaser(解放者)
308,divide,を分ける；分かれる,di(離れて) + vid(分ける) → 2つに切り分ける,division(分割・部門) / dividend(配当金)
309,enable, (人)が…できるようにする；を可能にする,en(〜にする) + able(できる) → 可能にする,enablement(有効化)
310,judge, (を)判断する；に判判決を下す,jus(法) + dic(語る) → 法律に基づいて語る,judgment(判断・判決)
311,rely,頼る,re(強く) + lig(結ぶ) → 強く結びついて頼る,reliable(信頼できる) / reliance(依存・信頼)
312,engage,を従事させる；を(～として)雇う(as)；(～に)従事する(in / with),en(中に) + gage(誓約・保証) → 約束して中に引き込む,engagement(約束・婚約・従事)
313,shift,を変える，移す；変わる；移動する,skift(分ける・動かす)が語源 → 位置や役割をずらす,shifter(移動させるもの)
314,adopt,を採用する；(態度など)をとる；を養子にする,ad(〜へ) + opt(選ぶ) → 選んで自分のものにする,adoption(採用・養子縁組)
315,acquire,を得る；を習得する,ad(〜へ) + quire(求める) → 追い求めて手に入れる,acquisition(獲得・習得)
316,expand, (を)拡大する；(を)詳説する,ex(外へ) + pand(広げる) → 外に向かって押し広げる,expansion(拡大) / expansive(広範な)
317,refuse,を拒む；を断る；拒絶する,re(後ろへ) + fuse(注ぐ) → 押し戻して拒絶する,refusal(拒絶・断り)
318,strike,の心を打つ；を襲う；を打つ；(に)ぶつかる,strik(打つ・擦る)が語源,striker(ストライカー・打撃者) / striking(印象的な)
319,repeat, (を)繰り返す；を復唱する,re(再び) + pet(求める・向かう) → 再び同じことを行う,repetition(繰り返し) / repetitive(繰り返しの)
320,consume,を消費する；を食べる，飲む,con(完全に) + sume(取る) → 使い果たす・使い切る,consumer(消費者) / consumption(消費)
321,confuse,を混同する；を当惑させる,con(共に) + fuse(注ぐ) → まぜこぜにして分からなくする,confusion(混乱・当惑) / confusing(紛らわしい)
322,select,を選ぶ，えり抜く,se(離れて) + lect(選ぶ) → 選り分けて取り出す,selection(選択・選出) / selective(選択的な)
323,evolve, (徐々に)発展する；進化する,e(外へ) + volv(転がる) → 展開して進化する,evolution(進化・発展) / evolutionary(進化の)
324,convince,を納得［確信］させる,con(完全に) + vinc(勝つ) → 議論で完全に打ち負かして納得させる,convincing(説得力のある) / conviction(確信・信念)
325,recall,を思い出す；を呼び戻す,re(再び) + call(呼ぶ) → 心の中に再び呼び戻す,recollection(思い出し)
326,destroy,を破壊する；(人)を破滅させる,de(逆・壊す) + stru(組み立てる) → 組み立てたものを壊す,destruction(破壊) / destructive(破壊的な)
327,preserve,を保存する；を保持する；を保護する,pre(前もって) + serve(保つ) → あらかじめ守っておく,preservation(保存・保護) / preservative(防腐剤)
328,organize,を準備する；を組織する,organ(道具・器官) + ize(〜にする) → 道具・組織として整える,organization(組織・団体) / organizer(主催者)
329,warn, (人)に(～を)警告［注意］する(of / against),ware(注意深い)と同語源 → 気をつけるよう伝える,warning(警告)
330,address, (問題など)に対処する；に演説する；(手紙など)を(～宛てに)出す(to),ad(〜へ) + direct(まっすぐ向ける) → 向き合って取り組む・語りかける,
331,operate,を操作する；機能する；手術する,opus(仕事・作業)が語源 → 働かせる・動かす,operation(操作・手術・事業) / operator(操作者)
332,participate,参加する,part(部分) + cip(取る) → 一部分を担う・加わる,participation(参加) / participant(参加者)
333,surround,を取り巻く；にまつわる,sur(上に) + unda(波) → 波のように周囲を取り囲む,surroundings(環境・周囲の状況)
334,flow,流れる；(～から)生じる(from),fleu(流れる)が語源,flower(花 [開花・流出]) / fluid(流体)
335,bore, (人)を退屈させる，うんざりさせる,bore(穴を掘る) → 穴を掘り続けるような退屈な作業,boredom(退屈) / boring(退屈な)
336,complain, (と)不平［苦情］する；訴える,con(強く) + plangere(胸を叩いて嘆く) → 強い不満を口にする,complaint(苦情・不満)
337,host,を主催する；のホスト役を務める,hospes(客・もてなす人)が語源,hostess(女性のホスト) / hospitality(歓待)
338,combine,を(～と)結び付ける(with)；(～と)結び付く(with),com(共に) + bini(2つずつ) → 2つのものを1つに合わせる,combination(組み合わせ・結合)
339,extend,を伸［延］ばす；伸びる；及ぶ,ex(外へ) + tend(伸ばす) → 外に向かって伸ばす,extension(延長・拡張) / extensive(広大な)
340,appreciate,を正当に評価する；を鑑賞する；を感謝する,ad(〜へ) + pretium(価格・価値) → 価値を正しく認める,appreciation(感謝・鑑賞・評価) / appreciative(感謝している)
341,target, (到達・攻撃)目標；的,targa(盾・小標的)が語源 → 狙いを定める的,targeted(対象を絞った)
342,element,要素，成分；元素；〔an / ofで〕少しの,elementum(基本原理・元素)が語源,elementary(初歩の・基本の)
343,principle,原則，原理；主義，信条,princeps(第一の・始めの)が語源 → 根本となるもの,principled(主義・信条のある)
344,phenomenon,現象,pheno(現れる)が語源 → 目に見える現象,phenomenal(驚異的な・現象の)
345,atmosphere,〔the ～〕大気；雰囲気,atmo(蒸気) + sphere(球体) → 空気を包む層,atmospheric(大気の)
346,origin,起源；源,ori(起き上がる・生じる)が語源 → 生まれ出た根源,original(最初の・独自の) / originate(起こる・始まる)
347,personality,個性，性格,persona(仮面・人格) + ality → その人らしさ,personal(個人の) / personalize(個人化する)
348,capacity, (最大)容量，収容能力；(潜在)能力,cap(掴む・受け入れる) → 受け入れられる量・能力,spacious(広々とした)
349,profit,利益；収益(率)；得,pro(前方へ) + fit(作る) → 生み出された得・利益,profitable(利益が出る) / unprofitable(儲からない)
350,circumstance,〔通例～s〕状況，事情；境遇,circum(周り) + stance(立つ) → 周囲に立っている状況,circumstantial(状況による)
351,manner,〔～s〕作法；方法；物腰,manus(手) → 手の動かし方・立ち振る舞い,mannerly(礼儀正しい)
352,threat,脅威；(悪い)兆し；脅迫,trud(押しつける・脅す)が語源,threaten(脅かす) / threatening(脅迫的な)
353,resident,居住者；滞在者,re(後ろに) + sid(座る・とどまる) → 住み着いている人,residence(住宅・居住) / residential(住宅の)
354,wealth,富；資源；富裕,weal(幸福・良さ)が語源 → 豊かな状態,wealthy(裕福な)
355,institution,機関；協会；施設；制度,in(中に) + statu(立てる) → 社会の中に打ち立てられた制度・施設,institutional(制度上の) / institute(研究所・設立する)
356,authority,〔通例 the ～s〕(関係)当局；権威；権限,aug(増やす・生み出す) → 権威を持つ者,authorize(権限を与える) / authoritative(権威ある)
357,vote,投票；投票結果；〔the ～〕選挙権,votum(誓い・願い)が語源 → 意志を表示する,voter (投票者)
358,sight,光景；〔the ～s〕名所；見(え)ること；視野；視力,see(見る)と同語源 → 見えること・光景,sightseeing(観光)
359,campaign,運動；軍事行動,camp(平原・陣営)が語源 → 平原での戦い・運動,campaigner(運動家)
360,fund,〔しばしば～s〕基金，資金,fundus(底・基礎)が語源 → 基礎となる資金,funding(資金調達) / refund(返金する)
361,web,〔the W-〕ウェブ；(クモの)巣,weave(織る)と同語源 → 網目状に織られたもの,webbing(クモの巣状の構造)
362,symbol,象徴，シンボル；記号；標章,syn(共に) + bol(投げる) → 2つのものを結びつける記号,symbolic(象徴的な) / symbolize(象徴する)
363,analysis,分析(結果),ana(分解して) + lys(解く) → 解きほぐして調べること,analyze(分析する) / analyst(分析家)
364,version, (本・製品などの)版；解釈,vert(回転する・変える) → 改変して作られた版,versatile(多才な)
365,perspective,観点，見方；大局観；遠近法,per(通して) + spect(見る) → 通して見通す視点,perspicacious(洞察力のある)
366,crisis,危機,cern(判別する・岐路)が語源 → 運命の分かれ目,critical(危機的な・批判的な)
367,disaster,災害；惨事,dis(不吉な) + aster(星) → 凶星がもたらす大惨事,disastrous(壊滅的な)
368,lecture,講義，講演；説教,lect(読む)が語源 → 読み聞かせる講義,lecturer(講師)
369,psychology,心理学；心理(状態),psyche(心・魂) + logy(学問),psychologist(心理学者) / psychological(心理的な)
370,gender, (社会的・文化的)性，性別,gen(生み出す・種類)が語源 → 生物学的でない社会的区分,engender(生み出す)
371,custom, (社会的な)慣習；〔 customs〕税関；〔 customs〕関税,suus(自分のもの)が語源 → 定着した習慣,customary(習慣的な) / customer(顧客)
372,court,裁判所，法廷；裁判；宮廷；中庭,hortus(囲まれた中庭)が語源 → 人が集まる公の場,courteous(礼儀正しい) / courtesy(礼儀)
373,desert,砂漠；不毛の地,de(離れて) + sert(結ぶ) → 見捨てられた見渡す限りの地,deserted(見捨てられた)
374,soil,土地，土壌；(悪事などの)温床,solum(底・土)が語源,soilless(土を使わない)
375,agriculture,農業；農学，畜产,ager(畑) + culture(耕作) → 畑を耕すこと,agricultural(農業の) / agriculturist(農学者)
376,fossil,化石；時代遅れの人［物］,foss(掘る)が語源 → 地中から掘り出されたもの,fossilize(化石化する)
377,document, (公)文書，書類；記録，資料,doc(教える・示す)が語源 → 事実を示す書類,documentary(記録映画・文書の) / documentation(文書化)
378,vocabulary,語彙,voc(声・言葉)が語源 → 言葉の集まり,vocal(声の)
379,intelligent,聡明な；知能を有する,inter(の間に) + leg(選ぶ・理解する) → 物事の違いを正しく理解できる,intelligence(知能・情報) / intelligently(知的に)
380,conscious,意識して，気づいて,con(共に) + sci(知る) → はっきりと自知している,consciousness(意識) / unconscious(無意識の)
381,capable,能力がある；有能な,cap(掴む・受け入れる) → 捉える能力がある,capability(能力) / capably(巧みに)
382,accurate,正確な；精密な,ad(〜へ) + cure(注意・お手入れ) → 注意深く手入れされた正確さ,accuracy(正確さ) / accurately(正確に)
383,fundamental,基本的な；必須の,fundus(底・基礎)が語源 → 土台となる,fundamentally(根本的に)
384,artificial,人工の；不自然な,art(技術) + fic(作る) → 人の技術で作られた,artificially(人工的に) / artifact(人工物)
385,firm,確固たる；堅固な；安定した,firmus(強い・確実な)が語源,firmly(堅く) / affirm(断言する)
386,overall,総合的な；全体的な,over(覆って) + all(すべて) → すべてを覆う全体の,
387,rural,田舎の，田園の,rus(開放地・田舎)が語源,rustic(素朴な・田舎風の)
388,military,軍の，軍事(用)の,miles(兵士)が語源,militant(攻撃的な) / militarism(軍国主義)
389,nuclear,核の，原子力の,nux(核・ナッツ)が語源,nucleus(原子核・中心)
390,biological,生物学(上)の,bio(生命) + logy(学問),biology(生物学) / biologist(生物学者)
391,constant,絶え間ない；一定の,con(共に) + sta(立つ) → 崩れず立ち続ける,constantly(絶えず) / constancy(恒常性)
392,severe, (人・規律・事態・天気などが)厳しい；猛烈な,severus(厳しい)が語源,severely(厳しく) / severity(厳しさ)
393,visual,視覚の；目に見える,vid(見る)が語源,visualize(視覚化する) / visually(視覚的に)
394,enormous,莫大な，巨大な,e(外へ) + norma(基準) → 基準を大きく外れたデカさ,enormously(非常に) / enormity(膨大さ・暴挙)
395,convenient,便利な，都合のいい,con(共に) + vent(来る) → 手元にぴったりやってくる,convenience(便利さ) / conveniently(便利に)
396,domestic,家庭の；国内の；(動物が)飼いならされた,domus(家)が語源,domesticate(飼いならす) / domestically(国内で)
397,mass,大規模な，大量の；大衆(向け)の,massa(大きな塊)が語源,massive(巨大な) / massify(大衆化する)
398,typical,典型的な；(～に)特有の(of),typos(型・印)が語源,typically(典型的に) / typify(象徴する)
399,overseas,海外へ［に，で］,over(超えて) + sea(海) → 海を越えた向こうへ,
400,nevertheless,それにもかかわらず,never(決して〜ない) + the + less(より少なく) → それでもなお,
401,demonstrate,を論証［証明］する；デモをする,de(完全に) + monstr(示す) → はっきりと目に見える形に示す,demonstration(実演・デモ) / demonstrative(指示的な)
402,behave,振る舞う；作動する,be(〜の状態で) + have(持つ) → 自分自身を一定の状態で持つ,behavior(行動・振る舞い) / behavioral(行動の)
403,educate,を教育する；に教える；(能力など)を養う,e(外へ) + duc(導く) → 内なる能力を外に引き出す,education(教育) / educational(教育の)
404,purchase,を購入する,pur(前に) + chase(追う) → 追い求めて手に入れる,purchaser(購入者)
405,recommend,を勧める,re(強く) + commend(託す・ほめる) → 強く薦める,recommendation(推薦・勧告)
406,admit,(を)(しぶしぶ)認める；に(～への)入場［入学など］を認める(to / into),ad(〜へ) + mit(送る) → 中に入ることを許して送る,admission(入場許可・承認) / admittedly(自白すると)
407,generate,を生み出す；(電気など)を発生させる,gen(生み出す)が語源,generation(世代・発生) / generator(発電機)
408,explore,(を)調査［探究］する；(を)探検［探査］する,ex(外へ) + plor(叫ぶ) → 叫び声をあげて獲物を探しまわる,exploration(探検・調査) / explorer(探検家)
409,amaze,をびっくりさせる,a(〜にする) + maze(迷路) → 迷路に迷い込んだように茫然とさせる,amazement(驚き) / amazing(驚くべき)
410,tear,を引き裂く；裂ける,tar(引き裂く)が語源,tearful(涙ぐんだ)
411,settle,を解決する；(に)移り住む；を落ち着かせる,set(座らせる)が語源 → 場所を定めて落ち着かせる,settlement(解決・定住) / settler(開拓者・定住者)
412,afford,を持つ［する］余裕がある；を与える,a(〜へ) + forth(前方へ) → 前に押し出す余裕がある,affordable(手頃な価格の)
413,conclude,と結論づける；を締めくくる；を締結する,con(完全に) + clude(閉じる) → 最後に枠を閉じる,conclusion(結論) / conclusive(決定的な)
414,advertise,を宣伝する；(～を求める)広告を出す(for),ad(〜へ) + vert(向ける) → 人々の意識をそちらに向ける,advertisement(広告) / advertiser(広告主)
415,encounter,に遭遇する；に(思いがけず)出会う,en(〜の中に) + counter(反対・向かい合って) → 思いがけず対面する,
416,remind,に思い出させる,re(再び) + mind(心) → 心の中に再び呼び起こす,reminder(思い出させるもの・助言)
417,locate,〔受身形で〕位置する；の位置を探し当てる,locus(場所) + ate(動詞化) → 場所を特定する,location(位置・場所)
418,aid,を援助する，助ける,ad(〜へ) + iuvo(助ける) → 手を差し伸べて助ける,
419,bite,(を)かむ，(に)かみつく；(を)刺す,bit(噛む・小さな片)が語源,bitter(苦い)
420,deliver,を配達する；(演説・講義)をする；子を産む,de(離れて) + liber(自由にする) → 解放して引き渡す,delivery(配達・引き渡し)
421,perceive,に気づく；を知覚する；を理解する,per(完全に) + ceip(掴む) → 五感を通じて完全に把握する,perception(知覚・認識) / perceptive(洞察力のある)
422,distinguish,を区別する,dis(離れて) + sting(刺す) → 印を刺して別物と区別する,distinction(区別・卓越) / distinctive(独特の)
423,imply,を暗に意味する；を必然的に伴う,in(内に) + ply(折り込む) → 言葉の中に意味を折り込む,implication(含意・影響) / implicit(暗黙の)
424,handle,を処理する，扱う；を論じる；を商う,hand(手) + le(道具・動作) → 手で触れて適切に扱う,handler(取扱者)
425,praise,を(～のことで)賞賛する(for)；賛美する,price(価格・価値)と同語源 → 価値を高く認める,praiseworthy(称賛に値する)
426,appeal,訴える；抗議する；(上級審に)上訴する,ad(〜へ) + pell(押す・駆動する) → 心を揺さぶるように迫る,appealing(魅力的な)
427,insist,(を)強く主張する；要求する,in(上に) + sist(立つ) → 譲らずその場に立ち続ける,insistence(主張) / insistent(しつこい)
428,compete,競う；〔通例否定文で〕(～に)匹敵する(with),com(共に) + pet(求める) → 同じものを求めて競い合う,competition(競争) / competitive(競争力のある)
429,rank,を位置づける，評価する；(ある地位に)位置する,ring(輪・並び)と同語源 → 秩序ある列に置く,ranking(順位)
430,deny,を否定する；を拒む,de(完全に) + ne(〜ない) → 完全に打消す,denial(否定・拒絶)
431,reject,を拒否する,re(後ろへ) + ject(投げる) → 受け入れずに投げ返す,rejection(拒絶)
432,intend,を意図する,in(〜に向けて) + tend(伸ばす) → 心をそちらに向ける,intention(意図) / intentional(意図的な)
433,expose,をさらす；を暴露する；を露出する,ex(外へ) + pose(置く) → 外に晒して見せる,exposure(暴露・露出)
434,favor,に賛成する；を好む；をひいきする,faveo(好む・支持する)が語源,favorable(好意的な) / favorite(お気に入りの)
435,inspire,(人)を奮起させる；を喚起する,in(中に) + spir(息を吹き込む) → 精神や感情に息を吹き込む,inspiration(ひらめき・霊感)
436,propose,を提案する；をもくろむ；結婚を申し込む,pro(前方へ) + pose(置く) → 前に案を提示する,proposal(提案) / proposition(主張・提案)
437,spell,(語)をつづる；という語になる,spell(語る・物語)が語源,spelling(綴り)
438,breathe,呼吸する；を吸う,breath(息)の動詞形,breathless(息切れした)
439,repair,を修理する；を修復する,re(再び) + pare(整える) → 再び元通りの状態に整える,reparable(修理できる)
440,consist,(～から)成る(of)；(～に)ある(in),con(共に) + sist(立つ) → 共に組み合わさって立つ,consistent(一貫した)
441,comment,意見，コメント；批判,con(共に) + ment(心・考える) → 考えて口に出す意見,commentary(解説) / commentator(解説者)
442,instruction,〔通例～s〕指示；〔～s〕(製品の)使用書,in(中に) + stru(組み立てる) → 頭の中に知識を組み立てる,instructive(教育的な) / instructor(指導者)
443,religion,宗教；信条；信仰(心),re(再び) + lig(結ぶ) → 神と人とを強く結びつけるもの,religious(宗教の・熱心な)
444,neighborhood,地域；近所,neighbor(隣人) + hood(集まり・状態),neighboring(近隣の)
445,laboratory,実験室，研究室,labor(働く) + ory(場所) → 作業・研究を行う場所,labor(労働)
446,presence,存在；出席；面前,pre(前に) + ess(存在する) → 前に存在すること,present(出席している・現在の)
447,confidence,自信；信頼；秘密,con(強く) + fid(信用する) → 強く信じ切ること,confident(確信して) / confidential(秘密の)
448,harm,害，損害,herme(傷つける)が語源,harmful(有害な) / harmless(無害な)
449,instrument,器具；楽器,in(中に) + stru(組み立てる) → 作作業のために組み立てられた道具,instrumental(役に立つ・楽器の)
450,category,部類，区分；範疇,cata(下に) + agora(広場・裁判) → 分類して位置づけられた区分,categorical(絶対的な・明確な)
451,capital,資本；首都；大文字,capit(頭)が語源 → 最も重要な中心地・資金,capitalism(資本主義) / capitalize(資本化する)
452,outcome,結果；成果,out(外へ) + come(来る) → 行動の末に出てきた結果,
453,notion,概念，観念；見解；意向,not(知る)が語源 → 頭の中で知っている概念,notional(観念的な)
454,review,(書物などの)論評；再調査；【米】復習,re(再び) + view(見る) → もう一度見直すこと,reviewer(批評家)
455,trait,特性,tract(引く) → 引かれた線・際立つ特徴,
456,diversity,多様性；相違点,di(離れて) + vert(向く) → 様々な方向に向いていること,diverse(多様な) / diversify(多様化する)
457,victim,犠牲(者)，被害者,victima(生け贄)が語源,victimize(犠牲にする)
458,occasion,場合，時；行事；機会,ob(〜に向かって) + cad(落ちる) → 出来事がふと降りかかる時,occasional(時々の) /客 観的(occasionality)
459,facility,施設，設備；機能；才能,fac(作る・行う) + il(容易な) → 物事を容易に行える場所・手腕,facilitate(容易にする)
460,stock,在庫品；蓄え；株,stick(木・幹)と同語源 → 幹のように蓄えられた土台,stockholder(株主)
461,conference,会議；協議,con(共に) + fer(運ぶ) → 意見を持ち寄って話し合う場,confer(協議する)
462,humanity,人類；人間性；人情；〔(the) ～s〕人文科学,homo(人間)が語源,humane(思いやりのある) / humanize(人間らしくする)
463,dialect,方言,dia(間) + lect(話す) → 特定の地域の人々の間で話される言葉,dialectal(方言の)
464,proportion,割合；部分；釣り合い,pro(〜に応じた) + portion(部分) → 部分に応じた釣り合い,proportional(比例した)
465,tip,助言，秘訣；チップ；先端,tip(頂点・突き出る)が語源,tiptoe(つま先)
466,lawyer,弁護士,law(法律) + yer(携わる人),
467,stuff,(漠然と)物；素材；素質,stuf(詰める)が語源 → 中に詰め込まれたもの,stuffy(風通しの悪い・息苦しい)
468,comfort,快適さ；慰め,con(強く) + fort(強い) → 心を強く励まして安心させる,comfortable(快適な) / comforting(慰めになる)
469,philosophy,哲学；原理；人生観,philo(愛する) + sophia(智慧) → 智慧を愛する学問,philosophical(哲学的な) / philosopher(哲学者)
470,mammal,哺乳動物,mamma(おっぱい)が語源 → 母乳で育つ動物,mammalian(哺乳類の)
471,quantity,量；分量,quantis(どれほど)が語源 → 数量的な大きさ,quantitative(数量的な)
472,landscape,風景；領域；状況,land(土地) + scape(形づくる) → 土地が織りなす景色,
473,tribe,部族；仲間,tri(3) + bu(住む) → 古代ローマの3つの部族が語源,tribal(部族の)
474,organ,器官，臓器；組織；(パイプ)オルガン,erg(働く)が語源 → 特定の働きをする器官・道具,organic(有機的な・オーガニックの)
475,trial,試み，(品質・性能などの)試験；裁判；試用期間,try(試す)の名詞形,
476,norm,規範；標準,norma(大工の定規)が語源 → 基準・標準となるルール,normal(通常の) / normalize(標準化する)
477,code,規範；暗号；法典,codex(木片・冊子)が語源 → 木版に書かれた法律や規定,encode(暗号化する)
478,substance,物質；実体；趣旨,sub(下に) + stance(立つ) → 底で支えている実体・物質,substantial(かなりの・実質的な)
479,multiple,多様な；種々雑多な,multi(多くの) + ple(折る) → 折り重ねられた多くの,multiply(増やす) / multiplicity(多様性)
480,numerous,非常に数の多い,numer(数)が語源 → 数が多い,numerical(数字の)
481,narrow,狭い；細い；限られた,near(近い)と同語源 → 幅が狭まっている,narrowly(かろうじて・狭く)
482,widespread,広範囲にわたる；広く普及した,wide(広く) + spread(広がる),
483,sufficient,(～に；…するのに)十分な(for；to do),sub(下に) + fic(作る) → 下を満たすほど十分にある,sufficiency(十分さ) / sufficiently(十分に)
484,proper,適切な；正式の；〔名詞の後ろで〕主要な；(～に)固有の(to),proprius(自分独自の・適した)が語源,properly(適切に)
485,linguistic,言語の，言語学の,lingua(舌・言語)が語源,linguistics(言語学) / linguist(言語学者)
486,annual,年1回の，例年の；1年間の,ann(年)が語源 → 1年に一度の,annually(毎年)
487,contemporary,現代の；同時代の；同年輩の,con(共に) + tempor(時間) → 同じ時代を共有する,
488,contrary,(～と)反対の(to),contra(反対に)が語源,contrast(対照)
489,strict,(規則などが)厳しい；厳格な,string(きつく縛る)が語源,strictly(厳格に) / strictness(厳しさ)
490,civil,市民の；民間の；民事の,civis(市民)が語源,civic(市民の) / civilization(文明)
491,odd,奇妙な；奇数の,oddi(余りの角)が語源 → 割り切れず余った・変わった,oddity(奇妙さ) / odds(見込み・確率)
492,unknown,不明の；(～に)知られていない(to)，無名の,un(打ち消し) + known(知られた),
493,superior,よりすぐれた,super(上に)の比較級 → 他より上にある,superiority(優越)
494,sensitive,敏感な；神経質な；微妙な,sens(感じる) + itive → 感じ取りやすい,sensitivity(感度・敏感さ) / sensory(感覚の)
495,violent,(人・気質などが)激しい；暴力的な,vis(力)が語源 → 力づくで荒々しい,violence(暴力) / violently(激しく)
496,virtual,仮想の；事実上の,virtus(美徳・能力) → 実質的な効力を持つ,virtually(実質的に・事実上)
497,regardless,(～に)かまわない，無頓着な(of),regard(考慮する) + less(〜ない) → 考慮に入れない,
498,immediate,即座の；当面の；すぐそばの；直接の,in(打ち消し) + media(間) → 間に何もなく直結している,immediately(直ちに)
499,crucial,重要な,crux(十字架・決定打)が語源 → 運命を分ける重大な,crucially(決定的に)
500,somewhat,いくぶん，多少,some(いくらかの) + what(こと),
501,interpret,を解釈する；(を)通訳する,inter(の間に) + pret(密売・説明) → 2つのものの間に立ち意味を説明する,interpretation(解釈・通訳) / interpreter(通訳者)
502,translate,を翻訳する；を(～に)変える(into),trans(超えて) + lat(運ぶ) → 別の言語へ意味を運ぶ,translation(翻訳) / translator(翻訳者)
503,concentrate,(を)集中する,con(共に) + center(中心) → 一点の中央に集める,concentration(集中・濃度)
504,request,に(…するように)頼む(to do)；を要請する,re(強く) + quest(求める) → 強く求める,
505,criticize,を批判する；を批評する,critic(批評家) + ize(〜にする) → 批評・批判する,criticism(批判・批評) / critical(批判的な・重要な)
506,overcome,を克服する,over(超えて) + come(来る) → 困難を乗り越えて進む,
507,obtain,を得る,ob(〜に向かって) + tain(保つ) → 手に入れて保持する,obtainable(入手可能な)
508,inform,に知らせる；情報を提供する,in(中に) + form(形つくる) → 頭の中に知識の形を作る,information(情報) / informative(ためになる)
509,ensure,を確実にする；を守る,en(〜にする) + sure(確実な) → 確実に安全・実現させる,
510,announce,を発表［公表］する，知らせる；(物事が)を告げる,ad(〜へ) + nounce(伝える) → 人々に向けて知らせを伝える,announcement(発表・告知) / announcer(アナウンサー)
511,grant,(人)に(許可・権利など)を与える；を認める,cred(信じる)が語源 → 認めて与える,
512,freeze,凍る；を凍らせる；(計画・資金など)を凍結する,frost(霜)と同語源,freezer(冷凍庫) / freezing(極寒の)
513,oppose,に反対する；を対抗［対比］させる,ob(向かい合って) + pose(置く) → 正反対の場所に置く,opposition(反対・対立) / opposite(反対の)
514,differ,異なる,dis(離れて) + fer(運ぶ) → 別の方向へ向かって離れる,difference(違い) / different(異なる)
515,hate,をひどく嫌う；を残念に思う,hat(強く憎む)が語源,hatred(憎しみ) / hateful(憎々しい)
516,emphasize,を強調する；を重視する,en(強調) + phas(現れる) → 強く目立たせる,emphasis(強調・重視)
517,employ,を雇う；を使う,in(中に) + ploy(折る・かかわらせる) → 事業の中に引き入れる,employer(雇い主) / employee(従業員) / employment(雇用)
518,credit,(功績など)を(～に)帰する(to)；を信じる,cred(信じる)が語源 → 信用や功績を認める,creditor(債権者) / credible(信用できる)
519,transform,を変える；変わる,trans(超えて・変える) + form(形) → 形をガラリと変える,transformation(変形・変革)
520,construct,を建設する；を構成する,con(共に) + struct(組み立てる) → 材料を組み上げて作る,construction(建設) / constructive(建設的な)
521,arise,生じる,a(湧き起こる) + rise(上がる) → 問題などが立ち上がる,
522,beat,を打ち負かす；(を)打つ，たたたく,beatan(打つ)が語源,beater(打つ人・具)
523,regret,を後悔する,re(再び) + gret(泣く) → 過去を思い出して泣き悲しむ,regretful(後悔している) / regrettable(遺憾な)
524,alter,を変える；変わる,alter(他の・別の) → 別の状態に変える,alteration(変更・改変)
525,absorb,を吸収する；を併合する；を夢中にさせる,ab(離れて) + sorb(すいとる) → 中に吸い込む,absorption(吸収・夢中)
526,disappoint,を失望させる；(希望など)をくじく,dis(取り消し) + appoint(任命する) → 期待を裏切って失望させる,disappointment(失望)
527,cure,を治す；を取り除く；(病気が)治る,cure(手入れ・世話)が語源 → 手当てして治す,curable(治せる)
528,transport,を輸送する；を運ぶ,trans(超えて) + port(運ぶ) → 向こう側へ運ぶ,transportation(輸送機関・輸送)
529,rush,急いで行く；性急に行動する；をせき立てる,hyrse(急ぐ)が語源,
530,hang,を掛ける；を絞首刑にする；垂れ(下が)る,hangen(吊るす)が語源,hanger(ハンガー)
531,blame,を責める；の責任を負わせる,blaspheme(非難する)と同語源,blameless(非のない)
532,ban,を(法的に)禁止する；を締め出す,ban(布告・禁令)が語源,
533,fascinate,を魅了する,fascinum(魔法・呪文) → 魔法をかけたように虜にする,fascination(魅了・魅力) / fascinating(魅力的な)
534,recover,回復する；を取り戻す,re(再び) + cover(覆う・取り戻す) → 再び元の状態を取り戻す,recovery(回復)
535,celebrate,を祝う；を挙行する,celeber(大勢が集まる) → 人が集まって盛大に祝う,celebration(祝賀) / celebrity(有名人)
536,manufacture,を製造する；をでっち上げる,manu(手) + fact(作る) → 手作業で作る,manufacturer(製造業者)
537,interact,影響し合う；相互に作用する,inter(お互いに) + act(行動する) → 相互に働きかける,interaction(相互作用) / interactive(双方向の)
538,arrange,の段取りをつける；を手配する；を配置する,ad(〜へ) + range(列) → 列に並べて整える,arrangement(配置・手配)
539,adjust,を調整する；を適合させる；順応する,ad(〜へ) + just(正しい) → 正しい状態に合わせる,adjustment(調整・順応)
540,confirm,を確認する；を裏づける,con(強く) + firm(確固たる) → 強く確かめて確定させる,confirmation(確認・裏付け)
541,insight,見識，理解(力)；洞察力,in(中に) + sight(見る) → 本質を内側まで見通す目,insightful(洞察力に富んだ)
542,innovation,革新；新機軸,in(中に) + nov(新しい) → 新しいものを導入すること,innovative(革新的な) / innovate(革新する)
543,budget,予算；経費,bougette(革の小さな財布)が語源,budgetary(予算の)
544,fee,料金；謝礼,feoh(家畜・財産)が語源 → 対価として支払う金銭,
545,expense,〔～s〕経費；費用；犠牲,ex(外へ) + pend(重さを測ってお金を支払う) → 払い出す費用,expensive(高価な)
546,debt,借金，負債；恩義,de(離れて) + habere(持つ) → 他人のものを借りている状態,debtor(債務者)
547,loan,貸付金，融資；貸すこと,laen(譲渡する)が語源,
548,duty,義務；〔しばしば～s〕職務；関税,due(支払うべき) + ty → なすべき務め,dutiful(忠実な)
549,alarm,不安，恐れ；警報装置,all'arme(武器を取れ！)という叫びが語源,alarming(驚くべき)
550,emergency,緊急(事態),e(外へ) + merge(沈む) → 水面から突如浮上した非常事態,emergent(緊急の)
551,democracy,民主主義，民主政治；民主国家,demo(民衆) + cracy(支配) → 民衆による統治,democratic(民主的な)
552,minister,大臣；(プロテスタント系の)聖職者,minor(小さい・奉仕する) → 国民に奉仕する役人,ministry(省・省庁)
553,fellow,仲間，同僚；同級生；男,fe(財産) + lag(共有する) → 財産を分かち合う仲間,fellowship(仲間意識・奨学金)
554,candidate,(～の)候補(者)(for)；志願者,candidus(白い) → 古代ローマで白い服を着て立候補した人,candidacy(立候補)
555,corporation,(大)企業；法人,corpus(身体・組織) + ation → 一つの体として作られた組織,corporate(企業の・法人の)
556,stereotype,固定観念；決まり文句,stereo(固まった) + type(型) → 刷り込まれた固い型,stereotypical(型通りの)
557,route,道(筋)；路線，ルート；(～の)手段(to),rupta(切り開かれた道)が語源,
558,disorder,障害，(心身の)不調；混乱,dis(無・反) + order(秩序) → 秩序が乱れた状態,
559,depression,憂うつ；うつ病；不況；低気圧,de(下へ) + press(押す) → 気持ちや景気が下に押し下げられること,depress(落ち込ませる) / depressive(抑うつの)
560,weapon,兵器，武器,waepen(武器)が語源,weaponry(武器類)
561,immigration,(他国からの)移民，移住；入国管理,in(中に) + migrate(移住する) → 国の中へ入ってくる移住,immigrant(移民)
562,barrier,(～に対する)障壁(against / to)；防壁,bar(棒・柵)が語源 → 通行を遮る柵,
563,disadvantage,不利(な点)；障害；(信用などの)損失,dis(打ち消し) + advantage(有利),disadvantaged(恵まれない)
564,mood,気分；機嫌；雰囲気,mod(心・情操)が語源,moody(気分屋の)
565,motion,動き，動作；運動；動議,mot(動く) + ion → 身体やものの動き,motionless(動かない)
566,routine,決まり切った仕事；いつもの手順,route(決まった道) → いつも決まって進む順序,routinely(決まって)
567,discipline,規律，しつけ；訓練；懲戒；学問分野,discipulus(弟子・生徒) → 弟子を鍛える訓練・規律,disciplinary(規律の・訓練の)
568,myth,作り話；神話,mythos(言葉・物語)が語源,mythical(神話上の) / mythology(神話)
569,hypothesis,仮説；憶測,hypo(下に) + thesis(置く) → 議論の土台として下に置く考え,hypothetical(仮説の)
570,physician,【主に米】 医師；内科医,physic(自然・医学) → 自然の理に通じた治療者,physics(物理学)
571,client,顧客；(弁護士などの)依頼人,cli(傾く・頼る) → 守護者に頼ってくる人,clientele(顧客層)
572,colony,植民地；集団居住地,colere(耕す・住む)が語源,colonial(植民地の) / colonize(植民地化する)
573,statistics,統計；統計学,state(国家) → 国家の状況を把握するためのデータ,statistical(統計上の) / statistician(統計学者)
574,grain,穀物；粒；きめ,granum(種子)が語源,grainy(粒状の)
575,ingredient,材料，成分；(成功の)要因,in(中に) + gredi(進む・入る) → 中に入っている構成要素,
576,treasure,宝物，財宝；財産,thesaurus(蓄え)が語源,treasurer(会計担当者) / treasury(国庫・宝物庫)
577,contract,契約(書)；協定,con(共に) + tract(引く) → お互いを引き結ぶ約束,contractor(請負業者)
578,welfare,福祉，幸福,wel(良く) + fare(進む・生活する) → 良く暮らしている状態,
579,prime,主要な，最も重要な；最適な；極上の,primus(第一の)が語源,primary(第一の) / primitive(原始的な)
580,curious,好奇心の強い；奇妙な,cura(関心・注意) → 関心を強く持っている,curiosity(好奇心) / curiously(奇妙なことに)
581,dramatic,劇的な；演劇の,drama(劇) + tic,dramatically(劇的に) / dramatize(劇化する)
582,distinct,明らかに異なる；明瞭な,dis(離れて) + sting(刺す) → 区別の印が刺されて目立つ,distinction(区別) / Distinctive(独特の)
583,anxious,心配して；切望して,angh(胸が締め付けられる)が語源,anxiety(不安) / anxiously(心配そうに)
584,vital,必要不可欠な；活気のある；生命にかかわる,vita(生命)が語源 → 生命に直結する重要さ,vitality(活力) / vitalize(活性化する)
585,conventional,従来の；月並みな,con(共に) + vent(来る) → みんなが寄ってくる慣習通りの,convention(慣習・大会)
586,abstract,抽象的な,abs(離れて) + tract(引く) → 具体物から性質だけを引き出した,abstraction(抽象化)
587,minor,重要でない；小さい,minus(より少ない)が語源,minority(少数派)
588,extraordinary,並はずれた；異常な，驚くべき,extra(枠の外へ) + ordinary(普通の) → 普通の枠を超えた,extraordinarily(並外れて)
589,stable,安定した；動じない,sta(立つ) + able → しっかり立ち続けられる,stability(安定性) / stabilize(安定させる)
590,flexible,融通の利く，柔軟な,flect(曲げる) + ible → しなやかに曲げられる,flexibility(柔軟性)
591,brief,簡潔な；短い,brevis(短い)が語源,briefly(手短に) / briefing(要約・報告)
592,aggressive,攻撃的な；意欲的な,ad(〜へ) + gredi(進む) → 相手に向かってぐいぐい進む,aggression(侵略・攻撃) / aggressor(侵略者)
593,visible,(目に)見える；明白な,vis(見る) + ible → 見ることができる,vision(視界) / visibility(視界・視認性)
594,unexpected,思いがけない，不意の,un(不) + expect(予期する) + ed,unexpectedly(不意に)
595,ethnic,民族の，人種の；民族特有の,ethnos(民族)が語源,ethnicity(民族性)
596,alien,(～にとって)異質の(to)；外国の；宇宙人の,alius(他の)が語源 → 他の土地から来たもの,alienate(遠ざける)
597,initial,初めの,in(中に) + it(行く) → 入り口・始まりの,initially(当初は) / initiate(始める)
598,exact,正確な；まさにその,ex(きっちり) + agere(行う) → きちんと測り出された正確さ,exactly(まさに・正確に)
599,precise,正確な；精密な；まさにその,pre(前もって) + cid(切る) → 無駄を切り落としてぴったり合わせた,precision(精密さ) / precisely(正確に)
600,latter,後者の，後半の,late(遅い)の比較級形 → 後ろの方の,latterly(最近)
601,commit,〔＋oneselfまたは受身形で〕献身する；(罪など)を犯す；を投入する,com(完全に) + mit(送る・託す) → 自分の身や責任をすっかり委ねる,commitment(コミットメント・約束・献身) / committed(献身的な)
602,stimulate,を刺激する,stimulus(突き棒) + ate → 突っついて活気づける,stimulation(刺激) / stimulant(刺激物・興奮剤)
603,enhance,(価値など)を高める，増す,in(中に) + altus(高い) → 高い位置に引き上げる,enhancement(向上・高まり)
604,pursue,を追求する；に従事する,pro(前方へ) + sequi(従う・追う) → まっすぐ追いかける,pursuit(追求・追跡)
605,react,反応する；化学反応を起こす,re(跳ね返って) + act(動く) → 働きかけに対して動き返す,reaction(反応) / reactive(反応性の高い)
606,disagree,不賛成である；意見が食い違う,dis(否定) + agree(同意する),disagreement(不一致・意見の相違)
607,stare,じっと見る；を見つめる,stare(固まる・立つ)が語源 → 目を固定して動かさず見る,
608,abandon,を捨てる；を放棄する，断念する,a(〜へ) + ban(権力・命令) → 権力を他人に引き渡して見捨てる,abandonment(放棄・見捨てること)
609,quit,をやめる；(場所)を去る,quiet(静かな)と同語源 → 義務などを果たして解放・解放される,
610,capture,をとらえる；をとりこにする,cap(掴む) + ture → 手でしっかり捕らえる,captive(捕虜の) / captivity(捕われの身)
611,transfer,を移す；を伝える；移る；乗り換える,trans(超えて) + fer(運ぶ) → 別の場所へ運び移す,transferable(譲渡可能な)
612,bother,を悩ます；(～を)気にかける(about / with),bothan(面倒)が語源 → 気をもませて悩ます,bothersome(面倒な)
613,persuade,を説得する；に確信させる,per(完全に) + suad(勧める) → 言葉で完全に納得させる,persuasion(説得) / persuasive(説得力のある)
614,rent,を賃借りする；を賃貸しする,rendere(渡す・返す)が語源 → 代金を払って借りる/貸す,rental(賃貸し・レンタル)
615,breed,を繁殖させる，育てる；繁殖する,brood(温める)と同語源 → 温めて育てる・増やす,breeder(繁殖させる人)
616,invest,(を)投資する；に(～を)与える(with),in(中に) + vest(服) → 衣服を着せて権限や資金を与える,investment(投資) / investor(投資家)
617,reserve,を予約する；を取っておく；(判断など)を保留する,re(後ろに) + serve(保つ) → 後のために取っておく,reservation(予約・保留) / reserved(控えめな)
618,trace,(足跡・起源など)をたどる；を捜し出す,trahere(引く・引きずる) → 引いた跡・足跡をたどる,traceable(追跡可能な)
619,illustrate,を説明する；に挿絵を入れる,in(中に) + lustr(光) → 光をあてて分かりやすく明示する,illustration(挿絵・例証) / illustrative(説明的な)
620,advise,に忠告［助言］する；(を)助言する,ad(〜へ) + vis(見る) → 見解を示して導く,advice(助言) / advisor(助言者)
621,convey,を伝える；を運ぶ，運搬する,con(共に) + via(道) → 道に沿って共に運んで伝える,conveyance(輸送・伝達) / conveyor(コンベア)
622,attach,を(取り)付ける；を付与する,ad(〜へ) + tack(杭・針) → 針や杭で刺してくっつける,attachment(取り付け・愛着)
623,stretch,を伸ばす；を広げる；伸びる；及ぶ,strecchen(引っ張る)が語源,stretcher(担架)
624,puzzle,を当惑させる,oppose(反対する)の変形が語源 → 頭を悩ませて戸惑わせる,puzzling(不可解な)
625,disturb,をかき乱す；を妨害する；を動揺させる,dis(バラバラに) + turb(かき乱す) → 静けさや平和を乱す,disturbance(混乱・妨害)
626,crash,衝突する，墜落する；をぶつけて壊す,擬音語(ガシャーン)が語源,
627,cope,うまく処理する,colaphus(拳骨で叩く) → 立ち向かってうまく切り抜ける,
628,permit,を許可する,per(通して) + mit(送る) → 通過させて認める,permission(許可) / permissive(寛容な)
629,impress,を感動させる；に印象を与える,in(上に) + press(押す) → 心の上に強く押し刻む,impression(印象) / impressive(印象的な)
630,suspect,ではないかと思う；(人)を疑う,sub(下から) + spect(見る) → 下から怪しんで見る,suspicion(疑い) / suspicious(怪しい)
631,upset,を動揺させる；をだめにする,up(ひっくり返して) + set(置く) → 秩序や心をひっくり返す,
632,frighten,(人)を怖がらせる,fright(恐怖) + en(〜にする),frightening(恐ろしい) / fright(恐怖)
633,import,を輸入する；を取り込む,in(中に) + port(港・運ぶ) → 港を通して国内に持ち込む,importer(輸入業者)
634,export,(を)輸出する,ex(外へ) + port(港・運ぶ) → 港を通して国外へ送り出す,exporter(輸出業者)
635,investigate,を調査する；を究明する；(～を)調査する(into),in(中に) + vestig(足跡) → 足跡を辿って詳しく調べる,investigation(調査・捜査) / investigator(調査員)
636,monitor,を監視する；を傍受する,mon(警告する・見守る) + tor → 見守り・監視する道具/人,monitoring(監視)
637,calculate,を計算する；を予測する,calculus(小石) → 小石を使って数を数える,calculation(計算) / calculator(電卓)
638,eliminate,を取り除く,e(外へ) + limin(敷居・枠) → 枠の外へ追い出す,elimination(排除・除去)
639,ease,を軽減する；和らぐ；緩む,adjacens(近くにある・居心地が良い)が語源,easy(簡単な) / easiness(容易さ)
640,launch,を開始する；を売り出す；を発射する,lancea(槍) → 槍を投げるように勢いよく送り出す,
641,sequence,連続；一連(のもの),sequi(従う・続く) + ence → 次々に続いていく順番,sequential(連続的な)
642,therapy,療法；心理療法,therapeia(治療・手当て)が語源,therapist(療法士)
643,symptom,症状；兆候,syn(共に) + ptom(落ちる) → 病気と共に現れる現象,symptomatic(症状を示す)
644,incident,出来事，事件；紛争,in(〜の上に) + cid(落ちる) → 降って湧いた出来事,incidental(付随する)
645,witness,目撃者；証人；証拠，証言,wit(知る) + ness → 直接見て知っている人,
646,sum,(金)額；合計；要点,summus(最高・てっぺん) → 全部を足し上げた頂点の数字,summary(要約) / summarize(要約する)
647,burden,負担；(重い)義務；積み荷,bear(運ぶ・耐える)が語源 → 背負って耐える重荷,burdensome(重荷となる)
648,tone,口調；音色；雰囲気；色調,tonos(張られた弦の音)が語源,tonal(音調の)
649,honor,光栄；名誉；敬意,honos(名誉・誇り)が語源,honorable(名誉ある) / honorary(名誉職の)
650,award,(～の)賞(for)；(証書などの)授与,ad(〜へ) + ward(見張る・審査する) → 審査して与える,
651,priority,優先(事項),prior(前の) + ity → 先に扱うべき事項,prioritize(優先順位をつける)
652,logic,論理；道理；論理学,logos(言葉・理性)が語源,logical(論理的な) / logically(論理的に)
653,minimum,最小限度,minus(より少ない)の最上級形,minimize(最小化する)
654,exception,(～の)例外(to),ex(外へ) + cap(掴む) → 外へ取り除かれたもの,exceptional(例外的な・優秀な) /客 観的(exceptionally)
655,clue,(～の)手がかり(to / about)；(パズルの)ヒント,clew(糸玉)が語源 → 迷宮を抜け出す糸玉の手がかり,clueless(手がかりのない・無知な)
656,bond,絆；債券；束縛；接着剤,bind(縛る)と同語源 → 強く結びつけるもの,bondage(束縛)
657,virus,ウイルス；(感染症の)病原体,virus(毒液・粘液)が語源,viral(ウイルスの・拡散する)
658,surgery,(外科)手術；外科，外科医学,cheir(手) + ergon(仕事) → 手を使って行う治療,surgeon(外科医) / surgical(外科の)
659,insurance,保険；保険料；保険金,in(〜の中に) + sure(確実な) → 確実に保障すること,insure(保険をかける) / insurer(保険会社)
660,frame,枠，(額)縁；骨組み；体格,fremman(作り上げる)が語源,framework(骨組み・枠組み)
661,shelter,避難(所)，保護,shield(盾) + troop(隊) → 盾で身を守る場所,sheltered(保護された)
662,territory,領土；(活動の)領域；(動物の)テリトリー,terra(土地) + torium(場所),territorial(領土の)
663,boundary,境界(線)；〔通例～s〕限界,bound(跳ね返る・限界) + ary,bound(縛られた・〜行きの)
664,habitat,生息地；(人の)居住地,habitare(住む)が語源 → 生物が定住する場所,habitation(居住) / inhabit(住む)
665,district,地区；行政区,dis(離れて) + string(縛る) → 区切られて管轄される地域,
666,conservation,(動植物などの)保護；保存,con(完全に) + serve(保つ) → 損なわずに保ち守ること,conserve(保存する) / conservative(保守的な)
667,harvest,収穫(物)；収穫期；漁獲高,herb(草)と同語源 → 秋に実りを摘み取ること,harvester(収穫機)
668,predator,捕食動物；略奪者,praeda(獲物・捕獲) + tor → 獲物を捕らえる生き物,predatory(捕食性の)
669,trap,わな；苦境,trep(踏む) → 踏みつけると引っかかる罠,
670,trick,こつ；策略；いたずら；芸当,tricae(難問・ごまかし)が語源,tricky(一筋縄ではいかない)
671,fault,〔通例one’s ～〕責任；欠点；誤り,fallere(落ちる・過ちを犯す)が語源,faulty(欠陥のある) / faultless(欠点のない)
672,discount,割引,dis(引く) + count(計算する) → 代金から計算して差し引く,
673,bias,偏見；傾向,斜め(バイアス)が語源 → 一方に偏った見方,biased(偏見のある)
674,cooperation,協力，共同,co(共に) + operate(働く) → 力を合わせて働くこと,cooperate(協力する) / cooperative(協力的)
675,patent,特許(権)；特許品,patere(開く) → 権利を公に開示して保護するもの,
676,dialogue,対話，会話；意見の交換,dia(二人の間) + log(言葉) → 言葉を交わすこと,
677,component,構成要素；部品,com(共に) + pon(置く) → 組み合わせて置かれる要素,
678,reputation,評判；名声,re(繰り返し) + put(考える) → 人々が繰り返し評価すること,reputable(評判の良い)
679,verbal,言葉の；口頭での；動詞の,verbum(言葉) + al,verbally(口頭で)
680,internal,内部の；国内の；内面的な,inter(の中に) + nal → 内側にある,internally(内部で)
681,solid,しっかりした；硬い；固体の,solus(全体の・堅固な)が語源,solidify(固まる) / solidarity(結束)
682,remote,(～から)遠く離れた(from)；かけ離れた,re(遠くへ) + mot(動く) → 遠く離れた場所にある,remotely(遠く離れて・わずかに)
683,principal,主要な；資本金の,princeps(第一の・首長) → 最も重要な,principally(主に)
684,sophisticated,高性能の，精巧な；洗練された,sophia(知恵・教養) → 知的で精巧に磨かれた,sophistication(洗練・洗練度)
685,equivalent,等しい，相当する,aequus(等しい) + val(価値がある) → 価値が同じである,equivalence(同等)
686,rational,理性的な；合理的な,ratio(計算・理性) + nal → 理性に基づいている,rationally(合理的に) / rationality(合理性)
687,relevant,関係がある；適切な,re(再び) + lev(持ち上げる) → 関連してテーマに持ち上がる,relevance(関連性)
688,absolute,絶対的な,ab(離れて) + solut(解き放たれた) → 他と比較されず独立した,absolutely(絶対に)
689,frequent,頻繁な,frequens(押し寄せる・混雑した)が語源,frequently(頻繁に) / frequency(頻度)
690,permanent,永続的な,per(ずっと) + man(とどまる) → ずっとその場にとどまる,permanently(永久に)
691,intense,強烈な；熱烈な,in(中に) + tend(伸ばす・張る) → 張り詰めた強さがある,intensify(強化する) / intensity(強度)
692,meaningful,意味のある,meaning(意味) + ful(満ちた),meaningless(無意味な)
693,evil,邪悪な；有害な,yfel(悪)が語源,
694,extinct,絶滅した；廃止された,ex(消し去る) + sting(刺す) → 火などが消え果てた,extinction(絶滅)
695,random,無作為の；手当たり次第の,randir(激しく走る) → 規律なく奔走する,randomly(無作為に)
696,raw,生の；未加工の,hreaw(生の)が語源,
697,rude,無礼な；粗野な,rudis(未加工の・野蛮な)が語源,rudeness(無礼さ)
698,mere,単なる，ほんの,merus(混ざり気のない・純粋な) → それだけで他に及ばない,merely(単に)
699,tropical,熱帯の,tropic(回帰線) + al,tropics(熱帯地方)
700,forth,前へ，先へ；それ以降,fore(前)と同語源,forthcoming(来たるべき)
701,possess,を所有している；の心をとらえる,potis(能力がある) + sedere(座る) → 自分のものとして座を占める,possession(所有・所有物) / possessive(所有の・独占欲の強い)
702,dominate,を支配する；(～より)優勢である(over),dominus(主・主人) + ate → 主人として振る舞う,dominance(支配・優位) / dominant(支配的な)
703,guarantee,を保証する,warrant(保証)と同語源 → 確実に保証する,
704,melt,溶ける；なごむ；を溶かす,meltan(溶ける)が語源,melting(溶けるような)
705,embarrass,に恥ずかしい思いをさせる,in(中に) + barra(柵) → 柵の中に閉じ込めて動きを止め戸惑わせる,embarrassment(恥ずかしさ) / embarrassing(恥ずかしい)
706,discourage,(人)にやる気をなくさせる；を落胆させる,dis(奪う) + courage(勇気) → 勇気を奪い取る,discouragement(落胆)
707,detect,を感知する；を見つけ出す；に気づく,de(取り除く) + tect(覆い) → 覆いを取り除いて見つけ出す,detection(感知・検出) / detective(探偵・刑事) / detector(検出器)
708,devote,をささげる,de(強意) + vovere(誓う) → 神に誓って捧げる,devotion(献身) / devoted(献身的な)
709,urge,に(強く)促す；を強く主張する；を駆り立てる,urgere(押す・追いたてる)が語源,urgent(緊急の) / urgency(緊急性)
710,lend,を貸す；(人)に(助言・援助など)を与える,laenan(与える)が語源,lender(貸し手)
711,restrict,を制限する,re(後ろへ) + stringere(引き締める) → 枠の中へ引き締め留める,restriction(制限・規制) / restrictive(制限的な)
712,isolate,を孤立させる,insula(島) → 島のように孤立させる,isolation(孤立・隔離) / isolated(孤立した)
713,accompany,に同行する；に付随する,ad(〜へ) + companion(仲間) → 仲間として一緒に行く,accompaniment(伴奏・付随物)
714,exhaust,を疲れ果てさせる；を使い尽くす；排気する,ex(外へ) + haurire(くみ出す) → 中身をすべて汲み出し空にする,exhaustion(疲労困憊・枯渇) / exhaustive(網羅的な)
715,annoy,を悩ます；〔受身形で〕腹が立つ,in odio(憎しみのうちに)が語源 → イライラさせる,annoyance(いらだち・迷惑) / annoying(うっとうしい)
716,endanger,を危険にさらす,en(〜にする) + danger(危険) → 危険な状態に置く,endangered(絶滅の危機にある)
717,acknowledge,(事実など)を認める；に謝意を表す,ad(〜へ) + knowledge(知識) → 知識として事実と認める,acknowledgment(承認・感謝の言葉)
718,admire,に(～のことで)敬服［感心］する(for),ad(〜に向かって) + mirari(驚く) → 感心して見つめる,admiration(感心・称賛) / admirable(称賛に値する)
719,evaluate,を評価する；を査定する,e(外に) + value(価値) → 価値を導き出す,evaluation(評価)
720,declare,を宣言する；を申告する,de(完全に) + clarus(明白な) → はっきりと口にする,declaration(宣言・申告)
721,secure,を確保する；を守る,se(離れて) + cura(心配) → 心配のない安全な状態にする,security(安全・警備)
722,specialize,専門とする；【英】(～を)専攻する(in),special(特別の) + ize → 特定分野に特化する,specialist(専門家) / specialization(専門化)
723,attribute,(結果など)を(～に)帰する(to),ad(〜へ) + tribuere(割り当てる) → 原因などを〜のせいと定める,attribution(属性・帰属)
724,pretend,(の)ふりをする,pre(前に) + tendere(伸ばす) → 見せかけるために前に差し出す,pretense(見せかけ・見栄)
725,bury,を埋める；を埋葬する；を隠す,beorgan(隠す・守る)が語源,burial(埋葬)
726,reverse,を逆転させる；を反対にする,re(反対に) + vertere(向ける) → 逆の方向へ向ける,reversal(逆転) / reversible(逆転可能な)
727,resist,に抵抗する；〔通例否定文で〕を我慢する,re(反対して) + sistere(立つ) → 反対側に立ちはだかる,resistance(抵抗) / resistant(抵抗力のある)
728,scare,をおびえさせる；を脅す,skerra(怯えさせる)が語源,scary(恐ろしい)
729,imitate,をまねる；を模造する,imitaris(模倣する)が語源,imitation(模倣・真似)
730,assist,(を)援助する；を手伝う,ad(そばに) + sistere(立つ) → そばに立って手助けする,assistance(援助) / assistant(助手)
731,resemble,に似ている,re(再び・強調) + similis(類似の) → とてもよく似ている,resemblance(類似・面影)
732,retire,(～から)引退する，退職する(from)；退く,re(後ろへ) + tirer(引く) → 現役から身を引く,retirement(退職・引退) / retiree(退職者)
733,neglect,をおろそかにする，怠る；を無視する,nec(否定) + legere(選ぶ・配慮する) → 注意を払わない,negligence(怠慢) / negligent(怠慢な)
734,collapse,崩壊する；(人が)倒れる；を折り畳む,com(共に) + labi(すべり落ちる) → 一緒に崩れ落ちる,
735,reform,を改革する；を改心させる,re(再び) + form(形つくる) → 再び良い形に作り直す,reformation(改革) / reformer(改革者)
736,protest,(に)抗議する；を主張する,pro(前に) + testari(証言する) → 大衆の前で主張・抗議する,protester(抗議者)
737,owe,に借りがある；のおかげである,agen(所有する)が語源 → 負債や義務を負っている,owing(借金のある・〜に負うて)
738,sustain,を持続させる；を支える,sub(下から) + tenere(保つ) → 下から支え続ける,sustainable(持続可能な) / sustainability(持続可能性)
739,assign,を割り当てる；を(～に)配属する(to),ad(〜へ) + sign(割り当てる印) → 印をつけて割り振る,assignment(課題・割り当て)
740,accomplish,を成し遂げる,ad(〜へ) + complere(満たす) → 完全な状態まで満たす,accomplishment(達成・業績)
741,wisdom,知恵；賢明さ；学識,wise(賢い) + dom(状態),wise(賢い)
742,literacy,読み書きの能力；(特定分野の)知識,littera(文字) + acy → 文字を理解する能力,literate(読み書きができる)
743,heritage,遺産,heres(相続人) + age → 代々受け継がれていくもの,
744,mission,使命；(外交)使節団；布教,mittere(送る) + ion → 遣わされた目的・任務,missionary(宣教師)
745,license,免許(証)；許可,licere(許される)が語源,
746,elite,〔通例the ～〕〔集合的に〕エリート,e(外へ) + legere(選ぶ) → 選ばれたすぐれた人々,
747,layer,層,lay(置く) + er → 重ねて置かれたもの,
748,motor,モーター；原動力,moveres(動く) + tor → 動かすもの,motorist(ドライバー)
749,protein,たんぱく質,proteios(第一の・最も重要な)が語源 → 生命に第一に必要な物質,
750,profession,職業；専門職；同業者仲間,pro(前に) + fess(公言する) → 誓いを立てて就く職業,professional(専門の・プロの)
751,editor,編集者；編集長,e(外へ) + dare(出す) → 書物を世に送り出す人,editorial(社説) / edit(編集する)
752,agent,仲介者，代理人；薬剤,agere(行う) + ent → 代わりに行動する人・作用する物質,agency(代理店)
753,globe,地球；世界；球,globus(丸い球)が語源,global(世界的な) / globalization(グローバル化)
754,haven,避難所，保護区；港,h划(抱える・保護する)が語源 → 安らげる場所,
755,row,列；(建物が並ぶ)通り,raew(列)が語源,
756,sacrifice,犠牲；いけにえ,sacer(神聖な) + facere(作る) → 神に捧げる儀式・犠牲,sacrificial(犠牲の)
757,means,〔単数・複数扱い〕手段；〔複数扱い〕資力，収入,mean(中間・媒介) → 目的へ至る中間過程,
758,session,集まり；(議会の)会期；(開会中の)議会,sedere(座る) + ion → 座って話し合う集まり,
759,league,(競技)連盟；同盟,ligare(縛る・結ぶ) → 結びついた集団,
760,contest,コンテスト，競技(会)；争い,con(共に) + testari(証言する) → 競い合って実力を示す,contestant(出場者)
761,guard,警備員；警備隊；監視，警戒,warder(見張る)と同語源,guardian(保護者・守護者)
762,opponent,(試合・論争などの)相手；反対者,ob(向かい合って) + ponere(置く) → 対向して配置された人,oppose(反対する)
763,glance,(～を)ちらっと見ること(at),glisten(輝く)と同語源 → 光が走るように素早く見ること,
764,divorce,離婚；分離,dis(離れて) + vertere(向く) → 別の方向へ分かれて離れる,
765,tissue,(生物の)組織；ティッシュペーパー,texere(織る) → 織物のように細かく組み合わさった組織,
766,liquid,液体,liquere(流れる・澄んでいる)が語源,liquify(液体化する)
767,inequality,不平等；不公平な事柄,in(不) + equal(等しい) + ity,inequitable(不公平な)
768,prejudice,(～に対する)偏見(against),pre(前もって) + judicium(判断) → 事前に勝手に下した判断,prejudiced(偏見を持った)
769,justice,公正，正義；司法,jus(法・権利) + tice → 正しい法や道理,justify(正当化する) / justify(正当な)
770,guideline,指針，ガイドライン；指導基準,guide(導く) + line(線) → 導くための基準線,
771,platform,プラットフォーム；演壇；舞台,plat(平らな) + form(形) → 平らに高く作られた台,
772,sector,(社会・経済などの)部門，セクター；(都市内の)地域,secare(切る) + tor → 切り分けられた領域,
773,channel,チャンネル；伝達経路；海峡,canal(運河)と同語源 → 水や情報が通るルート,
774,glacier,氷河,glacies(氷)が語源,glacial(氷河の・極寒の)
775,primate,霊長目の動物,primus(第一の) → 万物の霊長・最高位の動物,
776,usage,(使)用法；語法；習慣,use(使う) + age,useful(役に立つ)
777,fortune,財産；幸運；運命,fors(運・機会)が語源 → 巡ってくる運や富,fortunate(幸運な) / fortunately(幸いにも)
778,correlation,相互関係，相関(関係),cor(共に) + relation(関係) → お互いの間の繋がり,correlate(相互に関連する)
779,artistic,芸術的な,art(芸術) + istic,artist(芸術家) / artistically(芸術的に)
780,literary,文学の；文語の,littera(文字) + ary → 文字・文学に関する,literature(文学)
781,classic,第一級の；典型的な；定番の,classis(階級・最高級のクラス) → 最高水準の・標準の,classical(古典の)
782,liberal,自由主義の；寛大な；一般教養の,liber(自由な) + al → 偏見から自由な,liberty(自由) / liberate(解放する)
783,concrete,具体的な；有形の,con(共に) + crescere(成長する・固まる) → 実体となって固まった,
784,slight,わずかな；取るに足らない,slicht(平らな・取るに足らない)が語源,slightly(わずかに)
785,federal,連邦(政府)の,foedus(同盟・契約) + al → 同盟によって成り立つ,federation(連邦・同盟)
786,primitive,原始的な；未開の,primus(最初・初期) → 最初期の状態の,
787,unfamiliar,(～に)不慣れな(with)；(～に)(よく)知られていない(to),un(不) + familiar(親しい),familiarity(熟知・親しさ)
788,subtle,微妙な；(気体などが)希薄な,sub(下に) + tela(織物) → 織物の目の下に入り込むほど細かい,subtly(微妙に)
789,plain,明らかな；平易な；飾りのない；率直な,planus(平らな) → 隠すものがなく平らで見やすい,plainly(はっきりと・質素に)
790,marine,海の；船舶の,mare(海) + ine → 海に関する,mariner(船員)
791,apparent,明白な；一見～らしい,ad(〜へ) + parere(現れる) → 表面にはっきりと現れている,apparently(一見したところ・どうやら)
792,reluctant,気が進まない，嫌がる,re(反対に) + luctari(もがく・抵抗する) → 抵抗してためらう,reluctance(気乗りしないこと) / reluctantly(しぶしぶ)
793,temporary,一時的な,tempus(時間) + ary → 限られた時間だけの,temporarily(一時的に)
794,guilty,罪悪感のある；(～について)有罪の(of),gylt(過ち・罪) + y,guilt(罪・罪悪感)
795,royal,王の,rex(王) + al → 王に属する,royalty(印税・王族)
796,pure,純粋な；潔白な；まったくの,purus(綺麗な・混ざり気のない)が語源,purity(純粋さ) / purify(浄化する)
797,incredible,信じられない；すばらしい,in(不) + credible(信用できる) → 信じられないほどすごい,incredibly(信じられないほど)
798,eager,(～を)熱望して(for)；热心な,acer(鋭い)が語源 → 気持ちが鋭く向いている,eagerly(しきりに) / eagerness(熱心さ)
799,adequate,十分な；適切な,ad(〜へ) + aequus(等しい) → 必要量にちょうど等しく足りている,adequacy(妥当性) / adequately(適切に)
800,via,～経由で；～の媒介で,via(道・通り道)が語源 → 〜を通って,
801,assess,を評価する；を査定する,ad(〜の側に) + sedere(座る) → 側に座って税額や価値を見定める,assessment(評価・査定) / assessor(査定人)
802,approve,賛成する；を承認する,ad(〜へ) + probare(試す・良いと認める) → 認めて承認する,approval(承認・賛成) / approving(賛成の)
803,remark,と述べる；(～について)意見を述べる(on / upon),re(強調) + mark(気付く・印をつける) → 気づいたことを口にする,remarkable(注目すべき) / remarkably(著しく)
804,pose,(危険)を引き起こす；(問題など)を提起する；ポーズをとる；(～を)装う(as),pausare(休む・置く) → 特定の場所に置く・問題を提示する,
805,yield,をもたらす；を(～に)譲る(to)；(～に)屈する(to),gieldan(支払う・生み出す)が語源 → 産出する・屈服して差し出す,
806,exhibit,を示す，見せる；を展示する,ex(外へ) + habere(持つ) → 外に持ち出して見せる,exhibition(展示会) / exhibitor(出品者)
807,distribute,を(～に)分配する(to)；〔受身形で〕分布する,dis(離れて) + tribuere(割り当てる) → 各所に分けて配る,distribution(分配・流通) / distributor(販売代理店)
808,command,を命じる；を指揮する；(景色)を見渡せる,com(強調) + mandare(委任する・命じる) → 強い権限で命じる,commander(指揮官) / commanding(堂々とした)
809,occupy,(空間・時間)を占める；を占領する,ob(〜に向かって) + capere(掴む) → しっかり掴んで自分のものにする,occupation(職業・占領) / occupant(居住者)
810,pop,ひょいと動く；不意に現れる；ポンとはじける,擬音語(ポンという音)が語源,
811,pile,を積み重ねる；積み重なる,pila(柱・石柱) → 柱のように高く積み上げる,
812,greet,に挨拶する；を迎える,gretan(近づく・話しかける)が語源,greeting(挨拶)
813,apologize,(～に；～のことで)謝る(to；for)；弁明する,apo(離れて) + logos(言葉) → 弁明の言葉を述べて謝罪する,apology(謝罪) / apologetic(弁明の・申し訳なさそうな)
814,frustrate,をいら立たせる；(計画・希望など)を挫折させる,fraus(欺き・害) → 期待を裏切って挫折させる,frustration(挫折・欲求不満)
815,relieve,を和らげる；〔受身形で〕(…して)安心する(to do)；を解放する,re(再び) + levare(軽やかにする) → 重荷を取り除いて軽くする,relief(安心・軽減)
816,derive,由来する；を引き出す；を推論する,de(〜から) + rivus(川) → 川の水源から引き引く,derivation(由来・誘導) / derivative(派生的な)
817,deserve,に値する,de(十分に) + servire(仕える・奉仕する) → 奉仕に相応しい報いを受ける,deserved(当然の)
818,peer,(～を)じっと見る(at / into),appear(現れる)と同語源 → よく見ようと凝視する,
819,defeat,を負かす；を失敗させる,dis(取り消し) + facere(行う) → 成し遂げたことを覆して打ち負かす,
820,convert,を変える；を改宗［転向］させる；を交換する,con(完全に) + vertere(向ける) → 向きをガラリと変える,conversion(転換・改宗) / converter(変換器)
821,wed,と結婚する；を(～と)結婚させる(to),weddian(誓う・賭ける)が語源 → 誓いを立てて結ばれる,wedding(結婚式)
822,delight,を喜ばせる；(～を)大いに喜ぶ(in),de(強調) + lacere(引きつける) → 強く惹きつけて喜ばせる,delightful(愉快な) / delighted(喜んでいる)
823,boost,を押し上げる；を増加させる,持ち上げる運動(boost)が語源,booster(後押しするもの)
824,endure,に耐える；(に)持ちこたえる,in(中に) + durus(堅固な) → 固く耐え忍ぶ,endurance(忍耐・耐久力) / enduring(永続する)
825,correspond,一致する；(～に)相当する(to)；文通する,con(共に) + re(返して) + spondere(約束する) → 相互に応答し合う,correspondence(文通・一致) / correspondent(特派員)
826,impose,を課す；を押しつける,in(上に) + ponere(置く) → 重荷や義務を上からのせる,imposition(課与・無理強い)
827,rescue,を救う,re(離れて) + excutere(振り払う) → 危険から振り払って救い出す,
828,resolve,を解決する；を決意する；を議決する,re(強調) + solvere(解く) → 解答を出してすっきり解決・決意する,resolution(決意・解決) / resolute(堅い決意の)
829,register,を記録する，登録する；(～に)登録する(for),re(後ろに) + gerere(運ぶ・持ち込む) → 帳簿に書き載せる,registration(登録)
830,interrupt,を中断させる；(の)邪魔をする,inter(の間に) + rumpere(壊す) → 途中に割り込んで壊す,interruption(中断・妨害)
831,rid,から(～を)取り除く，除去する(of),ryddan(取り除く)が語源,riddance(脱却・除去)
832,prohibit,を禁止する,pro(前に) + habere(持つ・置く) → 前に立ちはだかって制止する,prohibition(禁止) / prohibitive(禁止的な・高価な)
833,compose,を構成する；を創作する；を鎮静する,com(共に) + ponere(置く) → 要素を組み立てて作る,composition(構成・作文・楽曲) / composer(作曲家)
834,misunderstand,(を)誤解する,mis(誤り) + understand(理解する),misunderstanding(誤解)
835,punish,を罰する；に損傷を与える,poena(罰・ペナルティ) + ish → 罪に対して罰を与える,punishment(罰・処罰) / punitive(罰の)
836,ruin,をだめにする；を破滅させる；破滅する,ruere(崩れ落ちる)が語源 → 崩壊して台無しになる,ruinous(破滅的な) / ruins(遺跡・廃墟)
837,defend,を防御する；を弁護する,de(離れて) + fendere(打つ) → 打撃を跳ね返して身を守る,defense(防御・弁護) / defender(防衛者) / defensive(防衛的な)
838,embrace,を受け入れる；(を)抱擁する；を包含する,en(の中に) + brace(腕) → 腕の中に抱き入れる,
839,modify,を修正する；を緩和する,modus(方法・基準) + facere(作る) → 基準に合わせて一部変更する,modification(修正・変更)
840,qualify,(人)に資格を与える；資格がある,qualitas(性質・品質) + facere(作る) → 必要な品質・資格を備えさせる,qualification(資格・条件) / qualified(資格のある)
841,passion,情熱；熱中；激怒,pati(耐える・受苦) → 抑えきれない激しい感情,passionate(情熱的な)
842,enthusiasm,(～への)熱情，熱意(for),en(中に) + theos(神) → 神が宿ったかのような熱狂,enthusiastic(熱心な) / enthusiast(熱好家)
843,phase,段階，局面；側面,phan(現れる) + se → 月の満ち欠けのように現れる段階,
844,mode,方式；気分；形態；流行,modus(尺度・やり方)が語源 → 特定の様式や状態,
845,span,期間；範囲,span(手のひらを広げた長さ)が語源 → 端から端までの長さ・期間,
846,gravity,重力，引力；重量；重大さ,gravis(重い) + ity → 引き寄せる重さ,gravitate(引きつけられる)
847,orbit,軌道；(活動・勢力などの)範囲,orbis(円・車輪) → 円を描いて回る道筋,orbital(軌道の)
848,asteroid,小惑星；ヒトデ,aster(星) + oid(〜のようなもの) → 星のような形の天体,
849,core,核心；芯,cor(心臓)が語源 → 物事の中心部,
850,soul,精神；魂，霊魂；生気,saiwaz(海・魂の由来)が語源,soulful(魂のこもった) / soulless(魂のない)
851,nerve,神経；〔～s〕神経過敏；(…する)度胸(to do),nervus(腱・力)が語源,nervous(神経質な)
852,infection,感染(症),in(中に) + fic(作る・染める) → 体内に病原体が入ること,infect(感染させる) / infectious(伝染性の)
853,mall,【主に米】 モール，ショッピングセンター,pall-mall(木槌で球を打つ広場)が語源 → 歩行者天国・買い物広場,
854,grocery,〔～s〕食料雑貨；食料雑貨店,gross(卸売り) + ery → 食料品などを扱う店,grocer(食料雑貨商人)
855,humor,ユーモア；気分，機嫌；気質,humor(体液・気質) → 人を和ませるおかしみ,humorous(ユーモアのある)
856,instinct,本能；勘，直感；(自然に起こる)衝動,in(中に) + stingere(突く) → 内側から突き動かす衝動,instinctive(本能的な)
857,faith,(～への)信頼(in)；信仰(心),fides(信頼・信用)が語源,faithful(忠実な)
858,courage,勇気,cor(心) + age → 恐れに立ち向かう心,courageous(勇敢な)
859,incentive,動機(づけ)；報奨金,in(中に) + canere(歌う・響く) → 心に響いてやる気を起こさせるもの,
860,prospect,見込み；〔～s〕(未来への)展望；有望な人,pro(前方へ) + spect(見る) → 前方を見渡した見通し,prospective(見込まれる・将来の)
861,obstacle,(～に対する)障害(物)(to),ob(向かい合って) + stare(立つ) → 前に立ち塞がるもの,
862,architecture,建築；建築様式；構造,archi(最高の) + tect(大工・技術) → 建築技術・建築物,architect(建築家) / architectural(建築上の)
863,stem,(草木の)茎，幹,stamn(幹)が語源,
864,illusion,錯覚，思い違い；幻想,in(〜に対して) + ludere(遊ぶ・あざ笑う) → 心を惑わす幻影,illusive(錯覚を起こさせる) / illusory(架空の)
865,discrimination,(～に対する)差別(against)；区別,dis(離れて) + crimen(判断) → 分けて見下すこと,discriminate(差別する・識別する)
866,shame,恥；残念なこと,skam(覆い隠す)が語源 → 隠したくなるような恥ずかしさ,shameful(恥ずべき) / shameless(恥知らずな)
867,drought,干ばつ；(慢性的な)不足,dry(乾いた) + th → 水分が途絶えて乾ききること,
868,flavor,風味；特色,flare(吹く・におう)が語源,flavoring(調味料)
869,portion,部分；1人前；割り当て,portio(分配・部分)が語源,
870,recipe,調理法，レシピ；手順；秘訣,recipere(受け取る) → 処方箋・受け取る指示書,
871,luxury,ぜいたく(品)；〔形容詞的に〕豪華な,luxus(過剰・ぜいたく)が語源,luxurious(豪華な)
872,chip,小片，破片；欠けた箇所；集積回路,chippen(削る)が語源,
873,ritual,儀式；(日常の)習慣的行為,ritus(儀式) + al,rite(儀式)
874,sake,〔for the ～ ofで〕のために，の目的で；に免じて,sacu(訴訟・目的)が語源 → 〜の利益・目的,
875,prefecture,(日本の)県，府；(フランスなどの)県,praefectus(長官・知事) → 長官が治める行政区画,prefectural(県の)
876,council,(地方)議会；評議会；(公の)会議,con(共に) + calare(呼び集める) → 集まって話し合う会議,councilor(評議員・議員)
877,administration,管理(部)；行政；政府(機関),ad(〜へ) + minister(仕える・奉仕する) → 組織を管理し動かすこと,administrative(行政の・管理の) / administrator(管理者)
878,curriculum,教育課程，カリキュラム,currere(走る) → 履修して進む周回コース,
879,precious,貴重な；高価な,pretium(価格・価値) + ous → 非常に価値が高い,
880,generous,寛大な；気前のよい；豊富な,genus(生まれ・血統) → 高貴な生まれのように気前が良い,generosity(気前よさ・寛大さ)
881,casual,何気ない；形式ばらない,cadere(落ちる・偶然起こる) → 偶然の・気取らない,casually(何気なく)
882,optimistic,楽観的な,optimus(最良) + istic → すべて最良に向かうと考える,optimism(楽観主義) / optimist(楽観主義者)
883,rough,粗い；大まかな；乱暴な,ruh(ザラザラした)が語源,roughly(おおよそ)
884,unpleasant,不愉快な；不親切な，無礼な,un(不) + pleasant(心地よい),unpleasantly(不快に)
885,Arctic,北極の,arktos(クマ・おおぐま座) → 北極星を指す星座の方角,
886,ultimate,究極の,ultimus(最も遠い・最後の) → これ以上先がない最終の,ultimately(最終的に)
887,deaf,耳が聞こえない,daef(愚かな・聞こえない)が語源,deafness(耳が聞こえないこと)
888,genuine,本物の；偽りのない,gignere(生む) → 血統の正しい・本物の,genuinely(心から・本物として)
889,manual,体［手］を使う；手の；手動式の,manus(手) + al → 手に関する,manually(手動で)
890,mechanical,機械の；機械的な,mechane(機械・仕掛け) + ical,mechanic(整備士) / mechanism(仕組み)
891,instant,即時の，すぐの；即席の,in(中に) + stare(立つ) → 目の前にすぐに存在する,instantly(即座に)
892,spare,余分の，予備の,spar(残しておく)が語源,
893,immune,(～に対して)免疫を持つ(to)；(～を)免れた(from),in(免除) + munis(義務) → 義務や病気から免れた,immunity(免疫) / immunize(免疫を与える)
894,harsh,厳しい；(光・色・味などが)不快な,harske(ざらざらした)が語源,harshly(厳しく)
895,collective,集団の，共同の,com(共に) + legere(集める) → 集められた集団の,collectively(集団で) / collect(集める)
896,inevitable,避けられない,in(不) + ex(外へ) + vitare(避ける) → 避けて通ることができない,inevitably(必然的に)
897,profound,重大な；深い；難解な,pro(前方・深く) + fundus(底) → 底が非常に深い,profoundly(深く)
898,steady,着実な，一定の；安定した,stead(場所・土台) + y → 土台がしっかりブレない,steadily(着実に)
899,mature,成熟した；熟した,maturus(適期の・熟した)が語源,maturity(成熟) / immature(未熟な)
900,likewise,同様に,like(同様の) + wise(方向・やり方),
901,chase,(を)追跡する；(を)追求する,captiare(捕らえようとする)が語源,chaser(追跡者)
902,sue,を告訴する；(～を求めて)訴訟を起こす(for),sequi(従う・追いかける) → 法律で追い詰める,suit(訴訟)
903,gaze,じっと見る,gaza(見つめる)が語源,
904,slip,滑る；滑り落ちる；そっと動く,slippen(滑る)が語源,slippery(滑りやすい)
905,load,に積む；に負わせる,ladan(載せる・運ぶ)が語源,
906,overwhelm,を圧倒する；を(精神的に)打ちのめす,over(上に) + whelm(覆いかぶさる) → 上から包み込むように圧倒する,overwhelming(圧倒的な)
907,wander,歩き回る；それる；はぐれる,wandrian(彷徨う)が語源,wanderer(放浪者)
908,float,漂う，浮かぶ；を浮かべる,flotian(浮かぶ)が語源,
909,pour,を注ぐ；激しく降る；押し寄せる,pourer(注ぐ人・具)が語源,
910,substitute,を代わりに使う；(～の)代理をする(for),sub(下に) + statuere(立てる) → 代わりに置く,substitution(代用・置換)
911,pronounce,を発音する；を宣言する,pro(前に) + nuntiare(報告する) → 人前で口に出して告げる,pronunciation(発音)
912,shrink,縮む，縮小する；減少する；ひるむ,scrincan(縮む)が語源,shrinkage(縮小・減少)
913,restore,を回復させる；を修復する,re(再び) + restaurare(建てる) → 元の良い状態に戻す,restoration(回復・修復)
914,trigger,を引き起こす；のきっかけとなる,trekken(引く) → 引き金を引いて誘発する,
915,grab,をつかむ；を横取りする；を急いで食べる,grabban(ひったくる)が語源,
916,retain,を保持する；を覚えている,re(後ろに) + tenere(保つ) → 手元に留め置く,retention(保持・記憶力)
917,reproduce,を複製する；を繁殖させる；繁殖する,re(再び) + produce(生み出す) → 再び生み出す,reproduction(複製・繁殖) / reproductive(生殖の)
918,bob,上下に動く；急に動く；を上下に動かす,bobben(軽く叩く・上下に揺れる)が語源,
919,entertain,を楽しませる；をもてなす,inter(の間に) + tenere(保つ) → つなぎ止めて楽しませる,entertainment(娯楽) / entertainer(芸人・芸能人)
920,interfere,干渉する，介入する；邪魔する,inter(の間に) + ferire(打つ) → 間に立ち入って邪魔をする,interference(干渉・妨害)
921,cultivate,を養う；を耕す；を栽培する,colere(耕す・育てる) → 土地や能力を耕して育てる,cultivation(栽培・教養)
922,underlie,の根底にある,under(下に) + lie(横たわる) → 下にあって支えとなる,underlying(根本的な)
923,anticipate,を予期する；楽しみに待つ,anti(前に) + capere(取る) → 先回りして予想する,anticipation(予期・期待)
924,justify,を正当化する,justus(正しい) + facere(作る) → 正しいと証明・主張する,justification(正当化)
925,regulate,を規制する；を調整する,regula(規則・定規) + ate → 規則に従わせて整える,regulation(規制・規則) / regulator(規制機関)
926,scan,を走査［スキャン］する；をざっと見る；を注意深く調べる,scandere(登る・詩節を調べる) → 細かく読み調べる,scanner(スキャナー)
927,classify,を分類する；を機密扱いにする,classis(階級) + facere(作る) → 類別に分ける,classification(分類)
928,submit,を提出する；〔＋oneselfで〕(～に)従う(to),sub(下に) + mittere(送る) → 下に差し出す・従う,submission(提出・服従)
929,pause,(一時的に)中止する；(一瞬)立ち止まる,pausa(停止)が語源,
930,lean,傾く；寄りかかる；をもたせかける,hlinian(傾く)が語源,
931,bump,ぶつかる；をぶつける,擬音語(ぶつかる音)が語源,bumpy(でこぼこの)
932,fold,を折り畳む；(両腕)を組む；(折り)畳める,fealdan(折る)が語源,folder(フォルダ)
933,hesitate,躊躇する，ためらう,haerere(まとわりつく・立ち止まる) → 迷って立ち止まる,hesitation(ためらい) / hesitant(躊躇している)
934,pump,(液体・気体)をポンプで送り込む；をくみ出す；を注ぎ込む,擬音語(水を押す音)が語源,
935,mount,を据えつける；に着手する；(自転車など)に乗る；増える,mons(山) → 高い所にのぼる・据え置く,
936,exceed,を超える；に勝る,ex(外へ) + cedere(行く) → 限度を越えて先へ行く,exceedingly(非常に) / excess(過剰)
937,undergo,を経験する；(手術など)を受ける；に耐える,under(下に) + go(行く) → 試練や変化の下を通る,
938,confront,に立ち向かう；(困難などが)に立ちはだかる,con(共に) + frons(額) → 額を突き合わせて直面する,confrontation(対立・直面)
939,consult,(に)相談する；を参照する,con(共に) + salire(集まる・相談する) → 集まって知恵を出し合う,consultant(顧問・コンサルタント) / consultation(相談)
940,fulfill,を実現させる；を果たす；を満たす,full(満ちた) + fill(満たす) → 完全に満たして成就させる,fulfillment(達成・成就)
941,privilege,特権，特典,privus(個人の) + lex(法律) → 特定の個人に与えられた特別な法律・権利,privileged(特権のある)
942,formation,形成；構成(物)；隊列,form(形) + ation → 形作ること,form(形作る)
943,dimension,側面，局面；次元；寸法,dis(離れて) + metiri(測る) → 測定された広がり・次元,dimensional(次元の)
944,neuron,ニューロン，神経単位,neuron(腱・神経)が語源,neuronal(神経の)
945,sensation,感覚；大評判,sentire(感じる) + ion → 感じること・衝撃的な評判,sensational(衝撃的な)
946,chart,図，グラフ；海図；ヒットチャート,charta(紙・地図)が語源,
947,geography,〔the ～〕地理；地理学,geo(地球) + graphy(記録・書くこと) → 地球の姿を記録する学問,geographic(地理的な) / geographer(地理学者)
948,panel,(専門家の)一団；討論者一同；羽目板,pane(板) + el(小さい) → 枠にはめられた板・選ばれた人々の枠組,
949,semester,【主に米】 (2学期制の)学期,sex(6) + mensis(月) → 6ヶ月間の期間(学期),
950,workforce,労働人口，総労働力；全従業員(数),work(労働) + force(力),
951,mill,製造工場；製粉所；粉ひき機,mola(石臼)が語源 → すり潰す機械・工場,
952,abuse,乱用；虐待,ab(外れて) + use(使う) → 正しい使い道から外れて酷使する,abusive(虐待的な)
953,vice,(道徳上の)悪；欠点,vitium(欠陥・悪徳)が語源,vicious(悪意のある・危険な)
954,fate,運命；結末；最期,fari(話す・神のお告げ) → 神によって語られた確定した運命,fatal(致命的な)
955,tragedy,悲劇(的な事態),tragos(山羊) + oide(歌) → 山羊の歌(ギリシャ悲劇に由来),tragic(悲劇的な)
956,scenario,(予想される)筋書き，事態；脚本,scena(場面・舞台) → 場面の展開を描いたもの,
957,allergy,アレルギー,allos(他の) + ergon(作用) → 通常と異なる過敏反応,allergic(アレルギーの)
958,wound,(銃弾・刃物などによる)傷；痛手,wund(傷)が語源,
959,antibiotic,〔通例～s〕抗生物質,anti(対抗する) + bios(生命) → 微生物に対抗する物質,
960,vaccine,ワクチン,vacca(雌牛) → 牛痘(種痘)に由来する予防接種,vaccinate(ワクチンを接種する) / vaccination(予防接種)
961,metaphor,隠喩；比喩,meta(越えて) + pherein(運ぶ) → 意味を別のものへ移し変えて例える,metaphorical(比喩的な)
962,folk,人々；〔～s〕皆さん；〔one’s ～s〕家族,folc(民衆・人々)が語源,folklore(民間伝承)
963,fare,(乗り物の)料金,faran(行く・旅する) → 移動・旅にかかる費用,
964,transition,移り変わり；過渡期,trans(越えて) + ire(行く) + tion → 別の状態へ移っていくこと,transitional(過渡期の)
965,maximum,最大限,magnus(大きい) → 最も大きい限度,maximize(最大化する)
966,galaxy,星雲，銀河；〔the G～〕銀河系,gala(ミルク) → 天の川(Milky Way)に由来,galactic(銀河の)
967,mineral,鉱物；ミネラル,mine(採掘する) + eral → 地中から掘り出される鉱物,
968,skeleton,骨格；骨組み；概略,skeletos(乾燥した) → 乾いた骨・骨組み,skeletal(骨格の)
969,counterpart,相当する物［人］,counter(対向する) + part(部分) → 対になって対応する存在,
970,stroke,脳卒中；(ボールを)打つこと；(雷などの)一撃,strikan(打つ・撫でる)が語源,
971,pedestrian,歩行者,pes(足) + trian → 足で歩く人,
972,trail,(野山などの)小道；跡；手がかり,tragere(引きずる) → 引きずった跡・踏み固められた道,trailer(トレーラー)
973,ecology,生態学；生態系；環境保護,oikos(家・住処) + logy(学問) → 生物の住処の研究,ecological(生態学の) / ecologist(生態学者)
974,sibling,きょうだい(の1人),sib(親族・血縁) + ling(親しいもの) → 血を分けた兄弟姉妹,
975,ratio,比率,reri(計算する・考える) → 計算された割合,
976,mixture,混合(物),miscere(混ぜる) + ture,mix(混ぜる)
977,charm,魅力；お守り,carmen(歌・呪文) → 人を惹きつける呪文のような魅力,charming(魅力的な)
978,ambition,(～に対する)願望，野望(for)；野心,ambi(周りを) + ire(行く) → 得票のために走り回る意欲,ambitious(野心的な)
979,prominent,卓越した；目立つ,pro(前方へ) + minere(突き出る) → 前に飛び出して目立つ,prominently(顕著に) / prominence(卓越)
980,radical,急進的な；根本的な,radix(根) + al → 根っこからの・根本的な,radically(根本的に)
981,prompt,即座の，迅速な,pro(前に) + emere(取る) → すぐに取り出す・手早い,promptly(即座に)
982,informal,形式ばらない，略式の；(言葉が)くだけた,in(不) + formal(公式の),informally(非公式に)
983,mutual,相互の；共通の,mutare(変える・交換する) → お互いにやり取りする,mutually(相互に)
984,neutral,中立の；(特徴・表情などが)はっきりしない,ne(否定) + uter(どちらか一方) → どちらにも偏らない,neutrality(中立) / neutralize(中和する)
985,alert,警戒して；敏速な,all'erta(油断なく見張る)が語源 → 警戒状態にある,
986,magnetic,磁気の；磁石の；人を引きつける,magnes(マグネシア産の石) + ic → 引きつける力のある,magnet(磁石) / magnetism(磁気・魅力)
987,polar,極地の；電極の,polus(軸・極) + ar → 極に関する,pole(極・柱) / polarity(両極性)
988,fluent,流ちょうな,fluere(流れる) + ent → 言葉が滑らかに流れる,fluently(流暢に) / fluency(流暢さ)
989,external,外部の；対外的な,ex(外へ) + ternal → 外側にある,externally(外部的に)
990,passive,受動的な；消極的な,pati(受ける・耐える) + ive → 自分から動かず受け身の,passively(受動的に) / passivity(受動性)
991,awful,ひどい；嫌な；ものすごい,awe(恐れ) + ful → 恐れを抱かせるほど酷い,awfully(非常に・ひどく)
992,unrelated,無関係の；血縁関係がない,un(不) + relate(関連づける) + ed,
993,cruel,残酷な；むごい,crudus(生々しい・痛々しい) → 思いやりのない残酷な,cruelty(残酷さ) / cruelly(残酷に)
994,fake,偽の；見せかけだけの,fegen(掃除する・装う)が語源,
995,vulnerable,(攻撃などに)弱い，もろい；傷つきやすい,vulnus(傷) + able → 傷つきやすい状態にある,vulnerably(脆く) / vulnerability(脆弱性)
996,urgent,緊急の,urgere(押す・追いたてる) → 急き立てられるような,urgency(緊急性) / urgently(緊急に)
997,spiritual,精神の；霊的な,spiritus(息・魂) + al → 魂に関する,spirit(精神) / spiritually(精神的に)
998,modest,謙虚な；適度な；質素な,modus(控えめな尺度) + est → 控えめで突き抜けない,modesty(謙虚さ) / modestly(控えめに)
999,keen,熱心な；鋭敏な；(感情・関心などが)強い,cene(鋭い・勇敢な)が語源,keenly(鋭く・痛切に)
1000,nonetheless,それにもかかわらず，それでもなお,none(決して〜ない) + the + less,
1001,negotiate,交渉する；を(交渉して)取り決める,ne-(否定) + otium(暇) → 暇のないビジネス・取引の議論をする,negotiation(交渉) / negotiator(交渉人)
1002,grasp,を把握［理解］する；をしっかり握る,grope(手探りする)と同語源 → ぎゅっと掴み取る,
1003,donate,を寄付する；(臓器・血液)を提供する,donum(贈り物) + ate → 贈り物として与える,donation(寄付) / donor(寄付者・ドナー)
1004,arrest,を逮捕する；を止める；(注意)を引く,ad(〜へ) + restare(止まる) → 動きを止めて拘束する,
1005,crack,ひびが入る；にひびを入れる,擬音語(パンという高い音)が語源,cracker(クラッカー・せんべい)
1006,tap,を軽くたたく；(液体)を出す；を盗聴する,tappen(軽く叩く)が語源,
1007,split,を分割する；を分担する；分裂する,splitten(裂く)が語源,
1008,forecast,を予想［予測］する,fore(前もって) + cast(投げる・計算する) → 事前に見通す,
1009,exclude,を除外する,ex(外へ) + claudere(閉じる) → 外に締め出す,exclusion(除外) / exclusive(排他的な・専用の)
1010,overlook,を見落とす；を大目に見る；を見渡す,over(上から) + look(見る) → 見下ろす・上を通り過ぎて見落とす,
1011,burst,破裂する；(～を)突然始める(into),berstan(破裂する)が語源,
1012,heal,(人・傷など)を治す；治る,hal(全体の・健全な) → 完全で健康な状態に戻す,healing(治癒) / healer(治療者)
1013,forbid,を禁じる,for(引き離して) + bid(命じる) → 命じて遠ざける・禁止する,forbidden(禁じられた)
1014,install,をインストールする；を設置する；を就任させる,in(の中に) + stall(場所・棚) → 場所に据え付ける,installation(設置) / installer(設置業者)
1015,diminish,を減らす；減少する,dis(強調) + minuere(小さくする) → だんだん小さく減らす,diminution(減少)
1016,cite,を引き合いに出す；を引用する,ciere(呼び出す・動かす) → 証拠や例として呼び出す,citation(引用)
1017,quote,を引用する；を引き合いに出す,quot(いくつの) → 番号を付して言葉を引き出す,quotation(引用)
1018,dispute,に異議を唱える；(を)議論する,dis(離れて) + putare(考える) → 互いに異なる意見を交わす,disputation(討論)
1019,highlight,を目立たせる、強調する,high(強い) + light(光) → 強い光をあてて目立たせる,
1020,distract,(注意など)をそらす,dis(離れて) + trahere(引く) → 心や気を別の方向へ引く,distraction(気晴らし・気の散ること)
1021,cheat,をだます；不正をする,escheat(没収・権利の移転) → 不正に奪う・欺く,cheater(詐欺師)
1022,foster,をはぐくむ；を養育する；を心に抱く,fostor(育てること・食物)が語源,
1023,obey,に従う；に服従する,ob(〜に向かって) + audire(聞く) → 言うことをよく聞いて従う,obedience(服従) / obedient(従順な)
1024,bend,を曲げる；を屈服させる；曲がる,bendan(縛る・弓をたわめる)が語源,bent(曲がった)
1025,deprive,から(権利などを)奪う,de(完全に) + privare(奪う・取り除く) → 完全に取り上げる,deprivation(剥奪)
1026,govern,(を)統治する、支配する,kybernan(舵をとる) → 舵をとって導き治める,government(政府) / governor(知事)
1027,log,〔＋onで〕ログオンする；を記録する,log(丸太) → 航海日記を丸太の速度測定から記録したこと由来,logger(木こり)
1028,transmit,を伝える；(電波・信号など)を送る,trans(越えて) + mittere(送る) → 向こう側へ送る,transmission(送信・伝達) / transmitter(送信機)
1029,bully,をいじめる；を脅す,boel(親しい仲間・強情な人) → 威張り散らしていじめる人,bullying(いじめ)
1030,leap,跳ぶ；さっと動く；急上昇する,hleapan(跳ぶ)が語源,
1031,astonish,を驚かす,ex(外へ) + tonare(雷が鳴る) → 雷に打たれたように驚かせる,astonishment(驚き) / astonishing(驚くべき)
1032,thrill,をぞくぞくさせる；わくわくする,thyrlan(貫く) → 身に深く突き刺さるような興奮を与える,thrilling(ぞくぞくする)
1033,nod,うなずく；会釈する；うとうとする,hnottan(揺れる)が語源,
1034,bow,おじぎする；屈服する,bogan(曲げる)が語源,
1035,blend,を混ぜる；を調和させる；(～に)溶け込む(into),blandan(混ぜ合わせる)が語源,blender(ミキサー)
1036,complicate,を複雑にする,com(共に) + plicare(折る) → 幾重にも折り重なって複雑にする,complexity(複雑さ) / complicated(複雑な)
1037,pitch,を投げる；倒れる；縦揺れする,pich(突き刺す・投げる)が語源,pitcher(投手)
1038,persist,続く；固執する,per(最後まで) + sistere(立つ) → 諦めず最後まで立ち続ける,persistence(粘り強さ) / persistent(粘り強い)
1039,dedicate,をささげる；を献呈する,de(離れて) + dicare(宣言する) → 神聖なものとして捧げる,dedication(献身) / dedicated(熱心な)
1040,equip,に備えつける,skip(船) → 船を出航できるように準備整える,equipment(設備・装備)
1041,premise,前提；〔～s〕(建物を含めた)構内、敷地,pre(前に) + mittere(送る) → 前もって提示された条件,
1042,input,入力(情報)、投入；(情報・時間などの)提供,in(中に) + put(置く),
1043,merit,利点；功績；真価,merere(報いを受ける・値する) → 称賛に値する優れた点,meritorious(称賛に値する)
1044,sympathy,同情；(～に対する)共感(with/for),syn(共に) + pathos(感情) → 共に感じる感情,sympathize(同情する) / sympathetic(同情的な)
1045,compliment,賛辞；表敬,com(十分に) + plere(満たす) → 礼儀を尽くして褒める,complimentary(お世辞の・無料の)
1046,infrastructure,インフラ、基本的施設；(経済)基盤,infra(下に) + structure(構造) → 下部を支える基礎構造,
1047,ray,光線；ひらめき、一筋の光明,radius(光線・車輪のスポーク)が語源,
1048,distress,苦悩；苦痛；困窮,dis(離れて) + stringere(強く引き締める) → 締め付けられるような苦痛,distressing(痛ましい)
1049,joint,関節；接合(部),jungere(結合する) + t → つなぎ合わされた部分,jointly(共同で)
1050,expedition,遠征(隊)、探検(隊),ex(外へ) + pes(足) → 足を外へ踏み出して出かけること,expeditious(迅速な)
1051,adolescent,青年；青年期の,ad(〜へ) + alere(成長する) → 成長しつつある若者,adolescence(思春期・青春期)
1052,shade,(日)陰；色合い；日よけ；微妙な相違,scadu(影)が語源,shadow(影) / shady(陰になった)
1053,jury,陪審(員団)；審査員団,jurare(誓う) → 宣誓した法的な審判員集団,juror(陪審員)
1054,ethic,倫理、道徳；〔～s〕倫理［道徳］規範,ethos(慣習・品性)が語源,ethical(倫理的な)
1055,penalty,(刑)罰；罰金；ペナルティー,poena(罰) + alty → 犯した罪に対する報い,penalize(罰する)
1056,faculty,能力、機能；学部；教授陣,facere(行う・作る) → 行うための能力・大学の組織部門,
1057,scheme,計画；体系；陰謀,skhema(形・構想)が語源,schematic(図解の)
1058,nutrition,栄養(の摂取),nutrire(育てる・授乳する) → 身体を育てる栄養分,nutritious(栄養のある) / nutrient(栄養素)
1059,particle,(微)粒子；ほんのわずか,pars(部分) + cle(小さい) → きわめて小さな断片,
1060,molecule,分子；微粒子,moles(大きな塊) + cule(小さい) → 物質の最小単位となる微粒子,molecular(分子の)
1061,nationality,国籍；国民；国民性,natio(生まれ・民族) + ality,national(国家の) / nation(国家)
1062,poll,世論調査；投票(数),polle(頭部) → 頭数を数えることから投票・調査,pollster(世論調査員)
1063,clinic,診療所、クリニック；(病院内の)～科,kline(ベッド) → 床についている患者を診る場所,clinical(病床の・臨床の)
1064,dementia,認知症,de(離れて) + mens(心・精神) → 正常な精神状態から離れること,
1065,fatigue,疲労,fatigare(疲れさせる)が語源,
1066,dilemma,ジレンマ、板ばさみ,di(2つの) + lemma(前提・命題) → 2つの苦しい選択肢の挟み撃ち,
1067,queue,【英】(順番を待つ)列,cauda(尾) → 尾のように長く伸びた行列,
1068,curve,(道路などの)カーブ；曲線,curvus(曲がった)が語源,curvature(湾曲)
1069,narrative,物語、話；(小説の)叙述部分、地の文,gnarus(知っている) → 知っている筋道を語り伝えること,narrate(語る) / narrator(語り手)
1070,fingerprint,指紋,finger(指) + print(押し印),
1071,file,ファイル；(書類の)とじ込み,filum(糸) → 糸で綴じて整理した書類,
1072,wilderness,荒野；(庭・町などの)放置された部分,wild(野生の) + deor(獣) + ness → 野生動物の生息する手つかずの地,wild(野生の)
1073,pesticide,殺虫剤；除草剤,pest(害虫・疫病) + caedere(殺す) → 害虫を退治する薬,
1074,panic,パニック(状態)；狼狽,Pan(ギリシャ神話の牧神パン) → 恐怖を誘発する神に由来,panicky(パニックに陥った)
1075,fabric,織物、布(地)；構造,fabrica(職人の仕事・構造) → 織り上げられた布や構造体,fabricate(でっち上げる・製作する)
1076,fantasy,空想；幻想；幻想的作品,phainein(現れる・見せる) → 心に思い浮かぶ幻想,fantastic(すばらしい・空想的な)
1077,fancy,(気まぐれな)好み；空想；思いつき,fantasyの短縮形,fanciful(空想的な)
1078,virtue,美徳；長所；効能,vir(男・人間らしさ) → 人間として優れていること,virtuous(高潔な)
1079,grateful,感謝している,gratus(ありがたい・喜ばしい) + ful,gratitude(感謝の気持ち)
1080,valid,妥当な；有効な,valere(強い・効力がある) → 法的・論理的に効力がある,validity(妥当性・有効性) / validate(立証する)
1081,elaborate,入念な；凝った,e(外へ) + labor(労働) → 手間暇かけて精密に作り上げた,elaboration(精密化)
1082,moderate,適度な；穏健な,modus(控えめな尺度) + ate → 行き過ぎずちょうど良い,moderation(節度) / moderately(適度に)
1083,dynamic,活動的な、精力的な；動的な,dynamis(力) + ic → 力に満ち溢れて動的な,dynamism(力強さ)
1084,brave,勇敢な；見事な,braguer(威張る・誇る)が語源,bravery(勇敢さ) / bravely(勇敢に)
1085,brilliant,すばらしい；才能にあふれた；きらめく,beryllus(緑柱石・宝石) → 宝石のようにきらめく,brilliance(光輝・卓越)
1086,tremendous,途方もない、莫大な；すばらしい,tremere(震える) → 震え上がるほど大きい・すごい,tremendously(ものすごく)
1087,oral,口頭の,os(口) + al → 口に関する,orally(口頭で)
1088,innocent,無罪の；無邪気な；無知の,in(不) + nocere(害する) → 誰にも害を与えない・無垢な,innocence(無実・無邪気)
1089,subsequent,その後の,sub(後に) + sequi(従う) → 後から続いて起こる,subsequently(その後)
1090,shallow,浅い；浅薄な,sceald(浅い)が語源,shallowness(浅さ)
1091,indifferent,無関心な,in(不) + different(違っている) → 差がなくどちらでもどうでも良い,indifference(無関心)
1092,inferior,より劣った,inferus(下の) + ior → 位置・品質が下である,inferiority(劣等感)
1093,awkward,気まずい；ぎこちない；厄介な,awke(反対の・不器用な) + ward(方向) → 向きが悪くて不器用な,awkwardly(気まずそうに)
1094,obese,肥満した,ob(〜のために) + edere(食べる) → 食べ過ぎて太った,obesity(肥満)
1095,pregnant,妊娠した；(～で)満ちている(with),pre(前に) + gignere(生む) → 出産前の状態にある,pregnancy(妊娠)
1096,intimate,親密な；密接な,intimus(最も内側の) → 心の最も深いところまで知っている,intimacy(親密さ) / intimately(親しく)
1097,medieval,中世の；時代遅れの,medius(中央の) + aevum(時代) → 歴史の中間にあたる時代,
1098,sacred,神聖な；宗教的な；厳粛な,sacer(神聖な) + ed → 神に捧げられた,sacredness(神聖さ)
1099,simultaneously,(～と)同時に(with)；一斉に,simul(同時に) + taneous → まったく同じ時に,simultaneous(アプリの同時進行などの)
1100,versus,〔A ～ Bで〕A対B；AかBか,vertere(向ける) → 互いに向き合って対戦する,
1101,proceed,進む，進行する；(～を)続行する(with),pro(前方へ) + cedere(行く) → 前に向かって進む,procedure(手順) / proceeds(収益)
1102,orient,(人)を(環境などに)慣らす(to)；[受身形で](関心などが)(～に)向いている(to/toward),oriens(日の出る方・東) → 方向を定めて正しく向ける,orientation(方向付け・オリエンテーション)
1103,surf,(インターネット上の情報など)を見て回る；サーフィンをする,suff(寄せる波)が語源,surfer(サーファー)
1104,filter,をろ過する；を取り除く,filtrum(羊毛フェルト) → フェルトを通して液体を越す,filtration(ろ過)
1105,bind,を縛る；を束縛する；を結び付ける,bindan(縛る)が語源,binding(拘束力のある) / binder(バインダー)
1106,resort,(好ましくない手段に)訴える，頼る(to),re(再び) + sortir(出かける) → 困った時に何度も通う,
1107,reinforce,を強化する；を補強する,re(再び) + in(中に) + force(力) → 再び力を注ぎ込んで強固にする,reinforcement(補強・強化)
1108,accumulate,を蓄積する，集める；積もる,ad(〜へ) + cumulus(積み重なり) → 山のように積み上げる,accumulation(蓄積)
1109,bet,と確信する，断言する；(金などを)かける,abet(そそのかす)と同語源 → 賭ける・断言する,
1110,advocate,を主張する；を擁護する,ad(〜へ) + vocare(呼ぶ) → 声を上げて支援・主張する,advocacy(擁護・提唱)
1111,constitute,を構成する；になる，に等しい,con(共に) + statuere(立てる) → 一緒に立てて組織・構成する,constitution(憲法・構成) / constituent(構成要素)
1112,undertake,を引き受ける；を保証する；に着手する,under(下に) + take(取る) → 責任を引き受けて担う,undertaking(事業・引き受け)
1113,grip,を握る；をとらえる,gripan(掴む)が語源,
1114,dismiss,(意見など)を退ける；を解雇する,dis(離れて) + mittere(送る) → 追い払う・退ける,dismissal(解雇・退けること)
1115,fade,薄れる；衰える,vade(姿を消す)が語源 → 色や記憶が薄れて消える,
1116,conceal,を隠す；を秘密にする,com(完全に) + celare(隠す) → すっかり覆い隠す,concealment(隠蔽)
1117,chew,(を)かむ；をかみ砕く,ceowan(噛む)が語源,chewing(噛むこと)
1118,swallow,(を)飲み込む；をうのみにする；に耐える,swelgan(飲み込む)が語源,
1119,seal,を密閉する；に封をする,sigillum(小さな印) → 印を押してしっかり封印する,
1120,migrate,移住する；(鳥などが)渡る,migrare(移動する)が語源,migration(移住) / migrant(移住者)
1121,exaggerate,(を)誇張する；を強調する,ex(強意) + aggerare(積み上げる) → 話を大げさに積み増す,exaggeration(誇張)
1122,accuse,を非難する；を告訴する,ad(〜へ) + causa(訴訟・理由) → 罪や理由を問うて非難する,accusation(告発・非難)
1123,vanish,消える,evanoscere(消え去る)が語源 → 姿形が完全に見えなくなる,
1124,polish,を磨く；を洗練させる,polire(滑らかにする)が語源,polisher(研磨機)
1125,wipe,を拭く；を拭き取る；を消し去る,wipian(拭く)が語源,wiper(ワイパー)
1126,sweep,(を)掃く；を一掃する；さっと通過する,swapan(掃く)が語源,sweeper(清掃人・掃くもの)
1127,mislead,を誤解させる，欺く；(人)を間違った方向に導く,mis(誤って) + lead(導く),misleading(紛らわしい)
1128,spoil,を台無しにする；を甘やかす；だめになる,spolia(奪い取った戦利品) → ぶち壊して台無しにする,spoiler(台無しにするもの)
1129,compound,を悪化させる；を合成する；を混合する,com(共に) + ponere(置く) → 混ぜ合わせる・重なって複雑化する,
1130,explode,爆発する；急増する；を論破する,ex(外へ) + plaudere(手を叩く) → 激しい音とともに破裂する,explosion(爆発) / explosive(爆発性の)
1131,disgust,をむかつかせる；に愛想を尽かせる,dis(逆) + gustus(味・好み) → 嫌悪感を抱かせる,disgusting(不快な) / disgusted(嫌気がさした)
1132,commute,通勤［通学］する,com(共に) + mutare(交換する) → 定期券で往復を交換して通う,commuter(通勤者)
1133,decorate,を装飾する,decus(美・誉れ) + ate → 美しく飾り付ける,decoration(装飾) / decorative(装飾的な)
1134,postpone,を延期する,post(後ろに) + ponere(置く) → 日時を後ろにずらす,postponement(延期)
1135,cease,をやめる；終わる,cessare(停止する)が語源,ceaseless(絶え間ない)
1136,compromise,妥協する；を危うくする,com(共に) + promittere(約束する) → お互いに譲歩し合って約束する,
1137,elect,を選出する,e(外へ) + legere(選ぶ) → 選び出す,election(選挙) / elective(選択の)
1138,extract,を取り［搾り］出す；を抜粋する,ex(外へ) + trahere(引く) → 引っ張り出す・抽出する,extraction(抽出)
1139,inherit,を受け継ぐ；を相続する,in(の中に) + heres(相続人) → 相続人として受け継ぐ,inheritance(相続・遺産)
1140,rear,(人・動物・植物)を育てる,raeran(起こす・育てる)が語源,
1141,empathy,感情移入，共感,en(の中に) + pathos(感情) → 相手の感情の中に入り込むこと,empathize(共感する) / empathetic(共感できる)
1142,cue,合図；手がかり；(次の演技の)キュー,q(quando:いつ)の略称から指示の合図,
1143,enterprise,企業，事業；企画；進取の気性,entre(間に) + prendre(取る) → 参入して着手する事業,enterprising(進取の気性に富む)
1144,output,生産(高)；出力；排出(量),out(外へ) + put(置く),
1145,congress,(米国などの)議会；会議,con(共に) + gradi(歩む) → 集まって協議する場,congressional(議会の) / congressman(国会議員)
1146,millennium,千年間，千年紀,mille(千) + annus(年) → 千年という期間,millennial(ミレニアル世代の)
1147,mankind,人類,man(人間) + kind(種類),
1148,Muslim,イスラム教徒,aslama(服従した)が語源 → 神に服従する人,
1149,estate,(動産・不動産などの)財産；私有地,stare(立つ・状態) → 所有する資産・地位,
1150,landmine,地雷,land(土地) + mine(鉱山・爆弾),
1151,caution,用心；警告,cavere(気をつける) + tion → 気をつけること,cautious(慎重な) / cautiously(慎重に)
1152,controversy,論争,contro(向かい合って) + vertere(向ける) → 互いに反対意見をぶつけ合う論争,controversial(物議を醸す)
1153,consensus,総意；(意見の)一致,con(共に) + sentire(感じる) → 皆が同じように感じて一致する,
1154,retail,小売り,re(再び) + tailler(切る) → 小さく切り分けて売ること,retailer(小売業者)
1155,fiber,繊維(質)；本質；精神力,fibra(糸・繊維)が語源,fibrous(繊維質の)
1156,scent,(よい)香り；香水,sentire(感じる) → 感覚で察知する良い匂い,scented(香りのついた)
1157,beverage,(水以外の)飲み物，飲料,bibere(飲む) → 喉を潤す飲料,
1158,supplement,栄養補助剤，サプリメント；補足,sub(下に) + plere(満たす) → 不足分を補って満たすもの,supplementary(補足の)
1159,diabetes,糖尿病,dia(通って) + bainein(行く) → 多尿を伴う病気,diabetic(糖尿病の)
1160,province,州，省；〔the ～s〕地方；分野,pro(前に) + vincere(征服する) → 支配下に置いた領域,provincial(地方の)
1161,reef,(岩や砂の)礁；暗礁,rif(うね・礁)が語源,
1162,microbe,微生物；細菌,micros(小さい) + bios(生命) → 極小の生命体,microbial(微生物の)
1163,excess,過剰，超過,ex(外へ) + cedere(行く) → 限度を超えて余っていること,excessive(過度の) / excessively(過度に)
1164,gallery,美術館，画廊；観客，ギャラリー；回廊,galeria(回廊)が語源 → 展示が並ぶ回廊,
1165,fame,名声,fari(話す) → 人々の間で広く語られること,famous(有名な)
1166,deadline,締め切り,dead(死の) + line(線) → 超えてはならない限界線,
1167,undergraduate,学部学生,under(〜の下の) + graduate(卒業生) → まだ学位を得ていない学生,
1168,slavery,奴隷制度；苦役,slave(奴隷) + ry → 奴隷としての状態・制度,slave(奴隷)
1169,prey,獲物；犠牲者,praehendere(捕らえる) → 捕らえられた生き物,
1170,mess,散らかった状態［物］；混乱状態,mittere(送る・配給食) → 散らかってぐちゃぐちゃな状態,messy(散らかった)
1171,recession,不況；後退,re(後ろへ) + cedere(行く) + ion → 景気が後退すること,recess(休憩)
1172,retreat,後退，退却；(計画・決定などの)撤回,re(後ろへ) + trahere(引く) → 後ろへ引き下がること,
1173,grave,墓；〔通例the ～〕死,grafan(掘る) → 穴を掘って埋める場所,
1174,column,コラム；(新聞などの)欄；円柱；(縦)列,columen(高いもの・柱)が語源,columnist(コラムニスト)
1175,scenery,〔集合的に〕景色；背景,scena(舞台の背景) → 目に映る景色全体,scenic(風光明媚な)
1176,plot,(小説などの)筋；陰謀,plot(区画・小さな計画)が語源,
1177,sculpture,彫刻(作品),sculpere(彫る・削る) + ture → 削り出して作った芸術品,sculptor(彫刻家)
1178,tablet,タブレット(型情報端末)；錠剤；平板,tabula(板) + et(小さい) → 小さな平らな板・薬の粒,
1179,dense,密集した，密度の高い；(霧などが)濃い,densus(込み合った)が語源,density(密度) / densely(密集して)
1180,exotic,外来の；異国風の,exo(外の) + tic → 外国から来た珍しい,
1181,acid,酸性の；酸っぱい；辛辣な,acere(酸っぱい) + id → 酸味のある・刺激の強い,acidity(酸度)
1182,bitter,苦い，つらい；辛辣な；怒りっぽい,bitan(噛む) → 噛んだ時の嫌な刺激・苦しみ,bitterly(苦々しく) / bitterness(苦しみ)
1183,sensible,賢明な；実用的な；顕著な,sensus(感覚・理性) + ible → 理性にかなった賢い,sensibly(賢明に)
1184,noble,高貴な；堂々とした；高潔な,noscere(知る) → 広く知られた名門の・気高い,nobility(高貴さ) / nobly(気高く)
1185,vague,漠然とした，あいまいな；おぼろげな,vagus(彷徨う・定まらない) → 焦点が定まらない,vaguely(漠然と)
1186,parallel,(～と)平行［並行］の(to)；類似した,para(横に) + allelon(互いに) → 横に並んで伸びる,parallelism(平行・類似)
1187,tense,張り詰めた，緊張した,tendere(伸ばす・張る) → ピンと張り詰めている,tension(緊張)
1188,vertical,垂直の；縦方向の,vertex(頂点) + al → 頂点に向かうまっすぐな方向,vertically(垂直に)
1189,indigenous,原産の，先住の；(その土地に)固有の,indu(内部の) + gignere(生む) → その土地で生まれ育った,
1190,aboriginal,〔通例A～〕アボリジニの；原生の，先住の,ab(最初から) + origo(起源) → 最初期からその地に住む,Aborigine(オーストラリア先住民)
1191,seasonal,季節の，季節的な,season(季節) + al,seasonally(季節的に)
1192,abundant,豊富な；(～に)富む(in),ab(溢れ出る) + undare(波打つ) → 波打つほど十分に溢れている,abundance(豊富さ) / abundantly(豊富に)
1193,hybrid,ハイブリッドの；雑種の；混成の,hybrida(異種の掛け合わせ)が語源,
1194,irrelevant,(～にとって)無関係の(to)；見当違いの,in(不) + relevant(関連のある),irrelevance(無関係)
1195,ridiculous,ばかげた；法外な,ridere(笑う) + culous → あざ笑うほどおかしい,ridiculously(ばかばかしいほど) / ridicule(あざ笑う)
1196,fairy,妖精の(ような),fae(運命・魔法) + ry,fairytale(おとぎ話)
1197,sensory,感覚の,sensus(感覚) + ory → 感覚器官に関する,sense(感覚)
1198,chronic,慢性の；長引く；常習の,khronos(時間) + ic → 長い時間にわたって続く,chronically(慢性的に)
1199,voluntary,自発的な；無償の,voluntas(意志) + ary → 自らの意志で行う,voluntarily(自発的に) / volunteer(ボランティア)
1200,inclined,傾向がある；傾いた,in(〜へ) + clinare(傾く) + ed → 心や体が傾いている,inclination(傾向・意向)
1201,infer,を推論する，推測する,in(の中に) + ferre(運ぶ) → 証拠の中から結論を導き出す,inference(推論・推定)
1202,esteem,を尊敬する；を見なす,aestimare(評価する・価値をつける) → 高く評価する,self-esteem(自尊心)
1203,tackle,に取り組む；と(～のことで)話をつける(about / on),tackle(用具・綱) → 相手を押さえ込む・問題に立ち向かう,
1204,venture,危険を冒して進む；を思い切ってする,adventure(冒険)の短縮形 → 危険を承知で進む,venture capital(ベンチャーキャピタル)
1205,accelerate,を加速させる，促進する；加速する,ad(〜へ) + celer(速い) + ate → スピードを速める,acceleration(加速) / accelerator(アクセル)
1206,accustom,(人)を慣れさせる,ad(〜へ) + custom(習慣) → 習慣になじませる,accustomed(慣れた)
1207,amuse,をおもしろがらせる，楽しませる,a(向かって) + muse(じっと考える) → 心を奪って楽しませる,amusement(娯楽・楽しさ) / amusing(面白い)
1208,flourish,繁栄する；繁茂する；を振りかざす,flos(花) → 花が開くように大いに栄える,
1209,thrive,繁栄する，うまくいく；繁茂する,thriva(つかむ・育つ) → しっかり根を張って成長する,thriving(繁栄している)
1210,nurture,をはぐくむ；を養成する,nutrire(育てる・養う) → 大切に育てる,
1211,click,(を)クリックする；をカチッと鳴らす；カチッと音がする,擬音語(カチッという高い音),
1212,spin,回転する；を回転させる；(糸)を紡ぐ,spinnan(紡ぐ・回す)が語源,spinner(紡績工・ハンドスピナー)
1213,clip,を切り抜く；を(はさみで)切り取る；をクリップで留める,clyppan(抱きかかえる・切る)が語源,clipper(爪切り・バリカン) / clipping(切り抜き)
1214,drag,を引きずる；ぐずぐずする,dragan(引く・引きずる)が語源,
1215,cast,を投じる；に役を当てる,kasta(投げる)が語源 → 投げる・配役を割り当てる,cast(出演者陣)
1216,scatter,をまき散らす；分散する,shatter(粉砕する)と同語源 → 撒き散らす,scattered(散乱した)
1217,tempt,を(…する)気にさせる(to do)；を引きつける,tentare(試す・誘惑する) → 心を試して誘惑する,temptation(誘惑) / tempting(魅力的な)
1218,withdraw,を引き出す；を撤回する；撤退する,with(引き戻して) + draw(引く) → 引っ込める・引き出す,withdrawal(撤退・引き出し)
1219,yawn,あくびをする,gionian(大きく口を開ける)が語源,
1220,blink,まばたきする；点滅する；(目)をまたたく,blinken(きらめく)が語源,
1221,dye,を染める；染まる,deag(色・染料)が語源,dyeing(染色)
1222,spill,をこぼす；こぼれる,spillan(散らす・破壊する)が語源,spillway(放水路)
1223,irritate,をいらいらさせる；をひりひりさせる,irritare(刺激する・苛立たせる)が語源,irritation(苛立ち・炎症) / irritable(怒りやすい)
1224,insult,を侮辱する,in(〜の上に) + saltare(跳びはねる) → 相手を踏みにじって侮辱する,insulting(侮辱的な)
1225,enforce,を施行［実施］する；を(～に)強制する(on / upon),en(にする) + force(力) → 力を用いて実行・強制させる,enforcement(施行・強制)
1226,rob,から(金品を)奪う,reofan(奪う)が語源,robber(強盗) / robbery(強盗事件)
1227,drain,(液体)を流出させる；(液体が)流れ出る,drehnian(水分をぬく)が語源,drainage(排水)
1228,suspend,を停職［停学，出場停止］にする；を一時的に中断する,sub(下に) + pendere(吊るす) → 宙吊りにして一時保留にする,suspension(一時停止・停学)
1229,drift,漂う；さまよう；を押し流す,drive(追う・進む)と同語源 → 流されるまま漂う,drifter(漂流者)
1230,forgive,を許す；を免除する,for(完全に) + give(与える) → 完全に差し出して罪を許す,forgiveness(許し) / forgiving(寛容な)
1231,revise,を修正する；を改訂する,re(再び) + visere(見る) → 再度見直して直す,revision(改訂・修正)
1232,recruit,を募る；に新人を補充する,re(再び) + crescere(成長する) → 新たに成長させる要員を集める,recruitment(採用活動)
1233,twist,をねじる，ひneる；を歪曲する,twice(2回・2つの)と同語源 → 2本をよじり合わせる,twister(竜巻)
1234,crush,を押しつぶす；を弾圧する；を絞り出す,croissir(破裂する・潰す)が語源,crusher(粉砕機)
1235,pin,をピンで留める；を突き刺す,pinn(針・留め具)が語源,pincushion(針刺し)
1236,uncover,を暴く；を 発掘する,un(打消) + cover(覆う) → 覆いを取り去って暴く,
1237,exploit,を活用する；を搾取する，につけ込む,ex(外へ) + plicare(折る) → 切り開いて成果を出す・利用する,exploitation(開発・搾取)
1238,implement,を実行［実施］する,in(の中に) + plere(満たす) → 条件を満たして実行する,implementation(実施・実装)
1239,integrate,を統合する；融合する,in(不) + tangere(触れる) → 欠けていない全体に統合する,integration(統合) / integrity(誠実・完全性)
1240,incorporate,を取り入れる；を法人にする；合併する,in(の中に) + corpus(体) → 体の一部として取り込む,incorporation(法人化・編入)
1241,profile,人物の紹介；横顔；輪郭,pro(前に) + filare(糸で線を引く) → 姿の輪郭をえがいたもの,
1242,appetite,食欲；欲求,ad(〜へ) + petere(求める) → 求める気持ち・食欲,appetizer(前菜) / appetizing(食欲をそそる)
1243,impulse,衝動；刺激,in(の中に) + pellere(押す) → 内側から押し出される衝動,impulsive(衝動的な)
1244,script,台本；筆跡,scribere(書く) → 書かれた文字・本,scripture(聖書・経典)
1245,anniversary,(～周年)記念日,annus(年) + vertere(回る) → 1年ごとに巡ってくる日,
1246,pension,年金,pendere(重さを量る・支払う) → 定期的に支払われる手当,pensioner(年金受給者)
1247,temper,気質，気性；機嫌；かんしゃく,temperare(混ぜて調和させる) → 感情の交じり具合・気質,temperament(気質)
1248,cortex,皮質；樹皮,corium(皮) → 植物の皮・脳の外層皮質,cortical(皮質の)
1249,syndrome,症候群；～現象,syn(共に) + dromos(走る) → 複数の症状が同時に走る(現れる)こと,
1250,chamber,(特定の目的の)部屋；議場；〔the ～〕議院,camara(部屋・アーチ状の天井)が語源,chamber music(室内楽)
1251,utility,公共事業；公共料金；実用性,uti(使う) + lity → 役に立つこと・公共インフラ,utilize(利用する) / utilitarian(実用的な)
1252,cattle,〔集合的に〕牛,caput(頭) → 頭数で数えた家畜・資産,
1253,herd,(牛などの)群れ；群衆,heorde(見張り・群れ)が語源,herdsman(牧者)
1254,fluid,流動体，液体,fluere(流れる) + id → 流れる性質を持つもの,fluidity(流動性)
1255,pity,残念なこと；哀れみ,pietas(情け・慈悲) → 同情・あわれみ,pitiful(哀れな) / pitiless(無慈悲な)
1256,priest,聖職者,presbyter(長老)が語源,priesthood(聖職者の職)
1257,acquaintance,知人；面識；知識,ad(〜へ) + cognoscere(知る) → 知っている人・間柄,acquaint(知らせる) / acquainted(知り合って)
1258,offspring,子孫，子；成果,off(離れて) + spring(生まれる) → 親から分かれて生み出されたもの,
1259,famine,飢饉；(食糧・物資の)ひどい不足,fames(飢え) + ine → ひどい飢えの状態,famished(飢えきった)
1260,deforestation,森林伐採,de(剥奪) + forest(森林) + ation → 森林を取り除くこと,reforestation(再造林)
1261,jail,刑務所，拘置所,cavea(檻) → 罪人を閉じ込める檻,jailer(看守)
1262,commodity,商品；有用なもの,commodus(便利な) → 便利で売買される価値ある品,
1263,format,書式，形式；(本などの)型,formare(形作る) → 整えられた形式,formatting(初期化・フォーマット)
1264,recipient,受け取る人；(臓器などの)被提供者,re(再び) + capere(受け取る) → 受取人,receive(受け取る)
1265,drill,訓練；(反復)練習；ドリル，錐,drillen(回転させる・穴をあける)が語源,
1266,inability,無能，無力,in(不) + ability(能力) → 能力がないこと,
1267,republic,共和国；共和制,res(事・財産) + publica(公の) → 公共の国家・共和制,republican(共和制の・共和党員)
1268,combat,戦闘；対立,com(共に) + batuere(叩く) → 互いに叩き合う戦闘,combatant(戦闘員)
1269,debris,(破壊された後の)残骸，瓦礫；がらくた,de(離れて) + briser(砕く) → 砕け散った破片,
1270,bug,病原菌(が起こす病気)；虫；盗聴器；(機械・プログラムの)欠陥,bugge(おばけ・虫)が語源,debug(バグを取り除く)
1271,fraction,わずか，一部；分数,frangere(折る・砕く) + tion → 砕けた小さな一部分,fractional(わずかな・分数の)
1272,index,指標；索引；指数,in(指し示す) + dicare(言う) → 指し示すもの,index card(カード型索引)
1273,intuition,直観(力)，直感,in(の中に) + tueri(見る) → 内面を直接見抜く直感,intuitive(直感的な) / intuitively(直感的に)
1274,motive,動機,movere(動かす) + tive → 行動を起こす動機,motivate(動機付ける) / motivation(動機付け)
1275,consent,同意，承諾,con(共に) + sentire(感じる) → 共に感じて同意する,consensus(合意)
1276,hierarchy,(社会の)階層制；〔the ～〕支配層,hieros(神聖な) + archein(支配する) → 聖職者の階級制から派生,hierarchical(階層的な)
1277,monument,記念碑，遺跡；金字塔,monere(思い出させる) → 過去の事績を思い起こさせる建造物,monumental(金字塔となる・巨大な)
1278,asset,〔通例～s〕資産；価値のあるもの；利点,ad(〜へ) + satis(十分) → 負債を補うに十分な資産,
1279,decent,まずまずの；きちんとした；上品な,decere(ふさわしい) → 礼儀や基準にかなっている,decency(体面・品儀)
1280,competent,有能な；適任の；満足できる,com(共に) + petere(目指す) → 基準に達して十分な能力がある,competence(能力・適性)
1281,straightforward,単純な；率直な,straight(まっすぐ) + forward(前へ) → まっすぐでわかりやすい,
1282,cosmetic,化粧の，美容の；うわべの,kosmos(秩序・装飾) → 容姿を美しく整える,cosmetics(化粧品)
1283,delicate,繊細な；扱いにくい；もろい,deliciae(快楽・繊細さ) → 繊細で壊れやすい,delicacy(繊細さ・ごちそう)
1284,interior,室内の；内部の,inter(内部) + ior(比較級) → 内側の,exterior(外側の)
1285,transparent,透明な；明快な,trans(透き通って) + parere(現れる) → 透けて向こうが見える,transparency(透明性)
1286,aesthetic,美的な；美学の,aisthesis(知覚・感覚) → 美を感じ取る感覚の,aesthetics(美学)
1287,deliberate,故意の；慎重な,de(熟考) + libra(天秤) → 天秤にかけてじっくり考えた,deliberation(熟考・審議) / deliberately(故意に)
1288,demographic,人口統計学の,demos(人々) + graphe(記録) → 人々のデータを記録した,demographics(人口統計データ)
1289,prehistoric,有史以前の；旧式な,pre(前に) + history(歴史) + ic → 文字で記録された歴史以前の,
1290,innate,生まれながらの；固有の,in(中に) + nasci(生まれる) → 生まれつき備わっている,innately(生まれつき)
1291,mild,穏やかな；(程度が)軽い,milde(柔らかい・優しい)が語源,mildly(穏やかに)
1292,toxic,有毒な；中毒性の,toxikon(毒を塗った矢) → 毒性のある,toxin(毒素) / toxicity(毒性)
1293,ashamed,恥じて,a(状態) + shame(恥) → 恥ずかしがっている,shame(恥)
1294,humble,謙虚な；質素な；身分が低い,humus(地面) → 地面に近い・低い姿勢の,humility(謙遜)
1295,peculiar,特有の；特異な,pecu(家畜・私有財産) → 自分特有の所有物・変わった,peculiarity(特性・奇妙さ)
1296,steep,(傾斜が)急な；急激な；法外な,steap(高い・切り立った)が語源,steeply(急激に)
1297,trivial,ささいな，取るに足りない,tri(3つの) + via(道) → 三叉路の雑談のような・取るに足らない,triviality(くだらないこと)
1298,magnificent,壮大な；見事な,magnus(大きい) + facere(作る) → 堂々と見事につくられた,magnificence(壮大さ)
1299,wireless,無線(電信)の，ラジオの,wire(電線) + less(ない) → 線がない,
1300,ongoing,継続している，進行中の,on(継続) + going(進んでいる) → 絶え間なく進んでいる,
1301,assure,に自信を持って言う；を保証する,ad(〜へ) + securus(確かな) → 相手を確実に安心させる,assurance(保証・安心) / assured(確信した)
1302,precede,に先行する；に優先する,pre(前に) + cedere(行く) → 前を行く,precedent(前例) / preceding(先行する)
1303,revive,を復活させる；復活する,re(再び) + vivere(生きる) → 再び生き返らせる,revival(復活・再生)
1304,compel,に強いる,com(強く) + pellere(押す) → 強く押し付ける,compulsion(強制) / compulsory(強制的な)
1305,blossom,花が咲く；発展する,blostm(花)が語源 → 花が咲き開く,
1306,terrify,を怖がらせる；を脅かす,terrere(恐れさせる) + fy → 恐怖に陥れさせる,terrific(すばらしい) / terrifying(恐ろしい)
1307,violate,(法律・規則など)に違反する；を侵害する,vis(力) → 力をもって犯す・破る,violation(違反) / violator(違反者)
1308,suppress,を抑える；を抑圧する,sub(下に) + premere(押す) → 力で下に押さえつける,suppression(抑圧・鎮圧)
1309,deceive,をだます,de(離れて) + capere(捕らえる) → 誤った方向へ誘い込んで欺く,deception(欺瞞) / deceit(だますこと)
1310,manipulate,を(巧みに)操る；を改ざんする,manus(手) + plere(満たす) → 手で巧みに扱う,manipulation(操作) / manipulative(操りたがる)
1311,starve,飢える；(～を)渇望する(for)；を飢えさせる,steorfan(死ぬ)が語源 → 飢えで死にそうになる,starvation(飢餓)
1312,flee,(から)逃げる,fleon(逃げる)が語源,fleeing(逃走)
1313,whisper,(を)ささやく,擬音語(ささやく音)が語源,
1314,yell,叫ぶ，どなる,gellan(叫ぶ)が語源,
1315,deposit,を置く；を預ける；を堆積させる,de(下に) + ponere(置く) → 下に置く・預金する,depositor(預金者)
1316,confine,を限定する；〔通例受身形で〕閉じ込められる,com(共に) + finis(境界) → 境界線の中に閉じ込める,confinement(監禁・制限)
1317,swing,を揺らす，振る；揺れる；(行動に)さっと移る,swingen(振る)が語源,
1318,prolong,を長引かせる,pro(前へ) + longus(長い) → 前へ伸ばして長引かせる,prolonged(長引く)
1319,depict,を描く,de(完全に) + pingere(描く) → はっきりと描き出す,depiction(描写)
1320,outline,の要点を述べる；の輪郭を描く,out(外側) + line(線) → 外側の線を描く・要点を述べる,
1321,shed,を捨て去る；(光など)を放つ；(涙・血)を流す,scedan(分ける・流す)が語源 → 脱ぎ捨てる・流し出す,
1322,emit,(光・熱など)を出す，排出する；(信号)を送る,e(外へ) + mittere(送る) → 外へ放出する,emission(排出・放出)
1323,renew,を更新する；(資源)を再生する,re(再び) + new(新しい) → 再び新しくする,renewal(更新・再生) / renewable(再生可能な)
1324,utilize,を利用する,uti(使う) + ize → 役立つように活用する,utilization(利用・活用)
1325,assert,を主張する,ad(〜へ) + serere(結ぶ) → 意見をしっかり結びつけて断言する,assertion(主張) / assertive(積極的な)
1326,strain,に負担をかける；を緊張させる；を漉す,stringere(きつく引っ張る) → 引っ張って圧力をかける,strained(緊張した)
1327,strive,努力する；争う,estriver(争う)が語源 → 目的のために懸命に努力する,strive for(〜を求めて努力する)
1328,dare,あえて［思い切って］…する,durran(あえてする)が語源,daring(大胆な)
1329,boast,を誇る；(を)自慢する,bosten(自慢する)が語源,boastful(自慢好きな)
1330,startle,をびっくりさせる,stertan(跳び上がる) → 驚いて跳び上がらせる,startling(驚くべき)
1331,offend,の気分を害する；(に)違反する,ob(〜に対して) + fendere(打つ) → ぶつかって相手を怒らせる,offense(感情を害すること・攻撃) / offensive(不快な)
1332,compute,(を)計算する；コンピューターを使う,com(共に) + putare(考える) → 合わせて計算する,computation(計算) / computer(計算機)
1333,assemble,を集める；を組み立てる；集まる,ad(〜へ) + simul(一緒) → 一箇所に集める,assembly(集会・組み立て)
1334,worsen,を悪化させる；悪化する,worse(より悪い) + en → より悪い状態にする,
1335,flip,を(ぱっと)裏返す；を軽くはじく,擬音語(パッと裏返す動作),
1336,rub,(を)こする；(～に)を塗る(on / over),rubben(擦る)が語源,
1337,descend,(を)降りる；受け継がれる,de(下へ) + scandere(登る) → 下へ降りる,descendant(子孫) / descent(降下・血統)
1338,compensate,補償する；に償う,com(共に) + pensare(重さを量る) → 釣り合いをとって埋め合わせる,compensation(補償・賠償)
1339,comprise,から成る；を構成する,com(共に) + prehendere(掴む) → 全部まとめて含める,
1340,prevail,普及している；支配的である；(～に)打ち勝つ(over),pre(前に) + valere(強い) → 前に立って勢力を振るう,prevalent(普及している) / prevalence(普及)
1341,quest,探究,quaerere(探す) → 追い求める探求,
1342,dignity,尊厳；威厳,dignus(価値がある) → 尊い価値・品格,dignify(気品を与える)
1343,criterion,(判断・評価の)基準,krinein(判断する) → 判断するための基準,criteria(複号形)
1344,paradox,逆説；矛盾,para(反対の) + doxa(意見) → 常識に反する説・矛盾,paradoxical(逆説的な)
1345,parliament,(英国などの)議会；国会議員(団),parler(話す) + ment → 話し合う場・議会,parliamentary(議会の)
1346,legislation,法律；立法,lex(法律) + ferre(運ぶ・提案する) → 法律を制定すること,legislator(立法者) / legislative(立法の)
1347,agenda,協議事項(リスト)；議事日程(表)；(政治上の)課題,agere(行う) → なされるべき協議事項,
1348,mainstream,(活動・思潮などの)主流；大勢,main(主要な) + stream(流れ) → 主な流れ,
1349,troop,〔～s〕軍隊；集団,tropus(群れ)が語源,
1350,epidemic,流行(病)；蔓延,epi(〜の上に) + demos(人々) → 人々の間に広がる病気,epidemiology(疫学)
1351,outbreak,発生，勃発,out(外へ) + break(破れる) → 急激に弾けて起こること,
1352,chaos,混沌，大混乱,khaos(虚空・混沌)が語源,chaotic(混沌とした)
1353,nightmare,悪夢(のような状況)；不安感,night(夜) + mare(夢魔) → 夜に襲う悪夢,nightmarish(悪夢のような)
1354,horror,恐怖；強い嫌悪；嫌な物［人］,horrere(毛がよだつ) → ぞっとする恐怖,horrible(恐ろしい) / horrify(怖がらせる)
1355,cluster,集団；(植物の)房，束,clyster(房・固まり)が語源,
1356,pollen,花粉,pollen(細かい粉)が語源,pollinate(受粉させる) / pollination(受粉)
1357,hive,ミツバチの巣(箱)；人の集まる所,hyfe(箱・容器)が語源,
1358,irrigation,灌漑,in(中に) + rigare(水を引く) → 水を引き入れること,irrigate(水を引く)
1359,dose,(薬の1回分の)服用量；放射線の1回の照射量,dosis(与えること) → 1回に与える服薬量,dosage(服用量)
1360,suicide,自殺；自殺的行為,sui(自分を) + caedere(殺す) → 自らを殺すこと,suicidal(自殺の)
1361,feast,祝宴；大ごちそう；楽しみ,festa(ごちそう・祝日)が語源,festive(お祝いの)
1362,cuisine,(独特の)料理，料理法,coquere(料理する) → 厨房・料理スタイル,
1363,rumor,うわさ,rumor(騒音・風聞)が語源,rumored(噂されている)
1364,proverb,ことわざ,pro(前へ) + verbum(言葉) → 言い伝えられてきた言葉,proverbial(ことわざの)
1365,signature,署名；特徴,signare(サインする) → 署名・特徴的なもの,sign(署名する・標識)
1366,formula,方法，解決策；公式,forma(形) + ula(小さい) → 定められた形式・公式,formulate(公式化する)
1367,tuition,【主に米】 授業料；(個人)指導,tueri(見守る・教える) → 教育の保護・指導料,
1368,intake,摂取量；受け入れ数；取り入れること,in(中に) + take(取る) → 取り入れる量,
1369,spectrum,スペクトル；(波動・変動の)範囲,specere(見る) → 目に見える連続した範囲,
1370,kidney,腎臓,cwið(子宮・腹) + ey(卵)が語源,
1371,gear,用具(一式)，器具；歯車；ギア,gearwe(装備)が語源,
1372,aisle,(座席間などの)通路,ala(翼・側面) → 側面の通路,
1373,grief,深い悲しみ,gravis(重い) → 心を重く押しつぶす悲しみ,grieve(深く悲しむ) / grievous(痛ましい)
1374,destiny,運命,de(完全に) + stanin(立てる) → あらかじめ定められた定め,destine(運命づける) / destination(目的地)
1375,skull,頭骨，頭蓋骨；頭脳,skalle(殻・鉢)が語源,
1376,tomb,墓,tymbos(塚・墓)が語源,tombstone(墓石)
1377,monk,修道士，僧,monos(単独の) → 孤独に修行する人,monastery(修道院)
1378,worship,崇拝，礼拝(式)；賛美,worth(価値) + ship(状態) → 尊い価値を認めて崇める,worshiper(礼拝者)
1379,outstanding,際立った；未払いの；未解決の,out(外へ) + standing(立っている) → 突出して目立つ,
1380,unprecedented,前例のない；空前の,un(未) + precedent(前例) + ed → 前例の存在しない,
1381,infinite,無限の；無数の,in(不) + finis(終わり) → 終わりのない,infinitely(無限に) / infinity(無限)
1382,worthwhile,価値がある；立派な,worth(価値) + while(時間) → 時間をかける価値がある,
1383,indispensable,不可欠な,in(不) + dis(離れて) + pendere(重さを量る・割り当てる) → 除外できない,
1384,compulsory,義務的な，強制的な,com(強く) + pellere(押す) → 強く強制された,compulsion(強制)
1385,probable,十分にありそうな,probare(証明する・試す) + able → 起こると証明できそうな,probably(たぶん) / probability(確率)
1386,ambiguous,あいまいな；多義的な,ambi(両側に) + agere(導く) → どちらとも取れてはっきりしない,ambiguity(曖昧さ)
1387,obscure,(世に)知られていない；不明瞭な,ob(〜の上に) + scurus(覆われた) → 覆われてはっきり見えない,obscurity(世に知られないこと)
1388,skeptical,(～に)懐疑的な,skeptesthai(よく調べる・疑う) → 容易に信じない,skepticism(懐疑主義)
1389,fragile,壊れやすい；虚弱な,frangere(壊す) + ile → 簡単に壊れやすい,fragility(脆さ)
1390,static,静的な；動きのない,statikos(立っている) → 動きがなく止まっている,statically(静的に)
1391,gradual,徐々の，緩やかな,gradus(段階・一歩) → 段階を追って進む,gradually(徐々に)
1392,vocal,声の，発声の；はっきりものを言う,vox(声) + al → 声に関する・意見を強く言う,vocalist(ボーカリスト) / vocalize(言語化する)
1393,vivid,鮮やかな；生き生きとした,vivere(生きる) + id → 生き生きとしている,vividly(鮮やかに)
1394,imperial,帝国の；皇帝の,imperium(帝国・支配権) → 帝国に関する,imperially(威厳をもって)
1395,hostile,敵意のある,hostis(敵) + ile → 敵意に満ちた,hostility(敵意)
1396,superficial,表面的な,super(上に) + facies(顔・表面) → 表面だけの,superficially(表面上は)
1397,scarce,乏しい；珍しい,ex(外へ) + carpere(摘み取る) → 摘み取られて数が少ない,scarcity(不足) / scarcely(ほとんど〜ない)
1398,gross,総計の；甚だしい；粗野な,grossus(厚い・大まかな) → 全体まとめた・度を超えた,
1399,inherent,生来の，本来的に備わっている,in(の中に) + haerere(くっつく) → 内側に生まれつき張り付いている,inherently(本来的に)
1400,notable,注目に値する；著名な,notare(記す・注意する) + able → 記すに値するほど目立つ,notably(特に)
1401,update,を最新のものにする；をアップデートする,up(上に) + date(日付) → 日付を最新にする,
1402,refresh,(気分)をさわやかにする；(記憶など)を新たにする；を最新のものにする,re(再び) + fresh(新鮮な) → 再び新鮮にする,refreshment(元気回復・軽食)
1403,bloom,花が咲く；栄える,bloma(花)が語源 → 花開く,
1404,conquer,を征服する；を克服する,com(完全に) + quaerere(求める) → 勝ち取って手に入れる,conquest(征服) / conqueror(征服者)
1405,induce,を引き起こす；を説得する,in(の中に) + ducere(導く) → 誘い込んで引き起こす,induction(誘導・誘発)
1406,attain,を獲得する，達成する；に達する,ad(〜へ) + tangere(触れる) → 手を伸ばして到達する,attainment(達成) / attainable(達成可能な)
1407,spray,を吹きかける，に吹きつける,spraien(吹きかける)が語源,sprayer(噴霧器)
1408,retrieve,(情報)を検索する；を取り戻す；を回復する,re(再び) + trouver(見つける) → 再び見つけ出す,retrieval(検索・回収)
1409,portray,を描く；(の役)を演じる,pro(前へ) + trahere(引く) → 線を引いて描き出す,portrait(肖像画) / portrayal(描写)
1410,scratch,を引っかく；を取り消す，削除する,skratten(引っかく)が語源,
1411,designate,を指定する；を任命する,de(明確に) + signare(印をつける) → 印をつけて指名する,designation(指定・指名)
1412,contradict,と矛盾する；に反対意見を言う,contra(反対に) + dicere(言う) → 反対のことを言う,contradiction(矛盾) / contradictory(矛盾した)
1413,sigh,ため息をつく,sican(ため息をつく)が語源,
1414,disrupt,を混乱させる；を分裂させる,dis(バラバラに) + rumpere(破る) → 打ち砕いて乱す,disruption(混乱) / disruptive(破壊的な)
1415,depart,出発する；(～から)それる(from),de(離れて) + partire(分ける) → 立ち去る,departure(出発)
1416,navigate,(を)誘導する；(を)操縦する；(を)航行する,navis(船) + agere(導く) → 船を進める・誘導する,navigation(航行・ナビゲーション)
1417,beg,に(～を)切に頼む(for)；(を)懇願する,bedecian(乞う)が語源,beggar(乞食)
1418,inhabit,に住んでいる；に宿る，存する,in(の中に) + habere(保つ・住む) → 中に住みつく,inhabitant(住民) / habitat(生息地)
1419,diagnose,(を)診断する,dia(通して) + gignoskein(知る) → 見抜いて病名を特定する,diagnosis(診断) / diagnostic(診断の)
1420,comprehend,を理解する,com(完全に) + prehendere(掴む) → 完全に頭で掴む,comprehension(理解) / comprehensive(総合的な)
1421,oblige,に義務づける；に恩恵を施す,ob(〜に対して) + ligare(縛る) → 契約や恩義で縛る,obligation(義務) / obligatory(義務的な)
1422,cram,に詰め込む；詰め込み勉強をする,crammen(詰め込む)が語源,
1423,flock,群がる，集まる,flocc(群れ)が語源 → 集まって群れをなす,
1424,underestimate,(を)過小評価する；(を)軽く見る；を少なく見積もる,under(低く) + estimate(見積もる),underestimation(過小評価)
1425,clarify,を明確にする,clarus(明るい・明確な) + fy → 明るくはっきりさせる,clarification(解明・説明)
1426,spark,を引き起こす；を刺激する；スパークする,spearca(火花) → 火花を散らして誘発する,
1427,seize,をつかむ；を奪い取る；を没収する,sacire(自分のものにする) → 掴み取る,seizure(押収・差し押さえ)
1428,soar,急上昇する；空高く飛ぶ,ex(外へ) + aura(空気) → 空高く舞い上がる,
1429,glow,光り［照り］輝く；赤く燃える；紅潮する,glowan(白熱する)が語源,glowing(輝くような)
1430,disguise,を(～に)変装させる(as)；を偽る,dis(外れる) + guise(外観) → 外見を変えて見破られないようにする,
1431,distort,を歪める；歪む,dis(ねじれて) + torquere(曲げる) → ねじ曲げる,distortion(歪み・曲解)
1432,undermine,を徐々にむしばむ；を侵食する,under(下に) + mine(坑道を掘る) → 土台の下を掘って弱らせる,
1433,abolish,を廃止する,ab(離れて) + alere(育てる) → 生長を止めて破棄する,abolition(廃止)
1434,strip,を［から］取り去る；を裸にする,strepen(剥ぎ取る)が語源,stripper(剥離剤)
1435,dispose,〔＋ofで〕を処分する；を(…する)気にさせる(to do)；を配置する,dis(離れて) + ponere(置く) → 配置する・片付ける,disposal(処分) / disposition(気質・配置)
1436,dump,を投棄する；をどさっと落とす,dumpen(重く落ちる)が語源,dumpster(大型ゴミ箱)
1437,weave,を織る；(計画・物語など)を作り上げる,wefan(織る)が語源,weaver(織物師)
1438,refine,を洗練する；を精製する,re(再び) + fine(純粋な) → 不純物を取り除いて純化する,refinement(洗練) / refinery(精製所)
1439,enrich,を豊かにする；(物質)を濃縮化する,en(にする) + rich(豊かな) → 豊かにする,enrichment(豊かにすること)
1440,coordinate,を調整する；を組織する；(服など)をコーディネートする,com(共に) + ordinare(順序立てる) → 全体の調和をとる,coordination(調整・協調) / coordinator(調整役)
1441,headline,(新聞などの)見出し,head(頭・最上部) + line(行) → 紙面最上部の大きな見出し,
1442,internship,【米】 実務［医学］研修；研修期間,intern(研修生) + ship(期間・資格),intern(研修生)
1443,outlet,直売店，特売店；はけ口；【米】(電気の)コンセント,out(外へ) + let(出す) → 出口・排出口,
1444,remedy,治療(法)；治療薬；解決法,re(再び) + mederi(治す) → 正常な状態に治す手段,remedial(補習の・治療の)
1445,pill,錠剤，丸薬；〔the ～〕ピル，経口避妊薬,pila(球)が語源,
1446,reception,反応；宴会；受付；受信(状態),re(受け取る) + capere(捕らえる) → 迎え入れること,receptionist(受付係) / receptive(受け入れる)
1447,transaction,(商)取引；(人と人との)交流,trans(越えて) + agere(行う) → 相互に行うやり取り,transact(取引する)
1448,mutation,突然変異(体)；変化,mutare(変化する) + tion → 変化すること,mutate(変異する) / mutant(変異体)
1449,dairy,〔集合的に〕乳製品；乳製品加工所［販売者］,deye(乳搾り女)が語源,
1450,compassion,同情,com(共に) + pati(苦しむ) → 共に苦しみを感じる同情,compassionate(思いやりのある)
1451,posture,姿勢；心構え,ponere(置く) + ture → 体の置き方・姿勢,
1452,curse,悪態，ののしりの言葉；呪い；〔通例a ～〕災い,curs(呪い)が語源,cursed(呪われた)
1453,funeral,葬式,funus(葬儀) + al,funereal(葬式のような・陰気な)
1454,census,国勢調査；交通調査,censere(評価する・数える) → 住民や財産を登録調査すること,
1455,encyclopedia,百科事典,en(の中に) + kyklos(円・循環) + paideia(教育) → 円満な全般知識体系,
1456,cereal,〔通例～s〕穀物；シリアル(穀物加工食品),Ceres(ローマ神話の豊穣の女神ケレス)が語源,
1457,fragment,断片,frangere(折る・壊す) + ment → 砕けた破片,fragmentary(断片的な)
1458,patch,(～の)部分，斑点；継ぎ；貼り薬,patche(あて布)が語源,patchwork(パッチワーク)
1459,rubbish,【英】 ごみ；つまらないもの,rubble(瓦礫)と同語源,
1460,maze,迷路；複雑に込み入ったもの,masen(惑わす)が語源,
1461,outlook,見解；見通し；眺め,out(外を) + look(見る) → 見渡すこと・展望,
1462,breakthrough,大発見，飛躍的進歩,break(突き破る) + through(通り抜けて) → 障害を突き破ること,
1463,triumph,勝利；勝利の喜び；偉業,triumphus(勝利の凱旋式)が語源,triumphant(意気揚々とした)
1464,ally,同盟国；提携者；援助者；盟友,ad(〜へ) + ligare(結ぶ) → 結びついた味方,alliance(同盟)
1465,spectator,(試合などの)観客,specere(見る) + tor → 見る人,spectacle(壮観) / spectacular(素晴らしい)
1466,sphere,領域；球体；天体,sphaira(球・玉)が語源,spherical(球状の) / hemisphere(半球)
1467,county,【米】 郡；【英】州,comes(伯爵)の領地 → 地方行政区画,
1468,behalf,利益，味方,on ... half(〜の側で) → 〜の味方・代理,
1469,interval,(時間の)間隔；合間；隔たり；小休止,inter(の間に) + vallum(城壁) → 壁と壁の間のスペース,
1470,circulation,循環；流通；(新聞・雑誌の)発行部数,circulus(円) → 円を描いてぐるぐる回ること,circulate(循環する)
1471,blade,刃；(プロペラなどの)羽根；(草などの)葉,blaed(葉・刃)が語源,
1472,theft,窃盗(罪),theof(泥棒) + th → 盗む行為,thief(泥棒)
1473,vacuum,真空；空虚,vacuus(空の) + um → 何もない空間,vacant(空いている)
1474,collision,衝突；対立,com(共に) + laedere(ぶつける) → 激しくぶつかり合うこと,collide(衝突する)
1475,bargain,買い得品；取引；契約,bargeten(売買交渉する)が語源,
1476,landmark,(ある場所の)目印；画期的な出来事,land(土地) + mark(印) → 境界や場所を示す目印,
1477,revenue,歳入；収益,re(戻って) + venire(来る) → 戻ってくる収入,
1478,treaty,(国家間の)条約；協定,tractare(交渉する) → 交渉してまとめた条約,
1479,supreme,最高の,superus(上の)の最上級 → これ以上ない最高の,supremacy(至高・主権)
1480,thorough,徹底的な；まったくの,through(通り抜けて)の変形 → 隅々まで通り抜けて完璧な,thoroughly(徹底的に)
1481,naked,裸の,nacod(裸の)が語源,nakedness(全裸状態)
1482,sincere,心からの；誠実な,sine(〜のない) + cera(ワックス) → 誤魔化しのない・純粋な,sincerity(誠実さ) / sincerely(心から)
1483,tame,飼いならされた，人に慣れた；退屈な,tam(慣れた)が語源,tamer(猛獣使い)
1484,insufficient,不十分な；不適当な,in(不) + sub(下に) + facere(作る) → 満たすに足りない,insufficiency(不十分)
1485,dim,薄暗い；ぼんやりした,dimm(暗い)が語源,dimly(薄暗く)
1486,acute,(痛み・感情などが)激しい；(知覚などが)鋭い；急性の,acus(針) → 針で刺すように鋭く激しい,acutely(鋭く・痛烈に)
1487,disabled,障害のある；障害者用の,dis(不能) + able(できる) + ed → 能力が阻まれた,disability(障害・ハンディキャップ)
1488,metropolitan,大都市の，首都圏の,meter(母) + polis(都市) → 母都市の・大都市の,metropolis(大都市)
1489,monetary,金銭的な；金融の,moneta(貨幣・造幣所) + ary → お金に関する,money(お金)
1490,alternate,代わりの；交互の,alter(別の) + ate → ひとつ置きに交互にする,alternatively(あるいは) / alternative(代替の)
1491,partial,部分的な；不公平な,pars(部分) + ial → 全体の一部だけの・偏った,partially(部分的に) / partiality(偏愛)
1492,divine,神の；神にささげる,divus(神) + ine → 神に関する・神聖な,divinity(神性)
1493,drastic,徹底的な，抜本的な；極端な,dran(行う・効き目がある) → 強烈に作用する,drastically(劇的に)
1494,fierce,猛烈な；どう猛な,ferus(野生の) → 野生のように荒々しい,fiercely(猛烈に)
1495,sole,唯一の；単独の；独占的な,solus(ただひとつの) → 単独の,solely(単に・専ら)
1496,spontaneous,自然発生的な；自発的な,sponte(自発的に) + aneous → 外部から強制されず自ら生じる,spontaneously(自発的に) / spontaneity(自発性)
1497,spatial,空間の,spatium(空間) + al → 空間に関する,spatially(空間的に) / space(空間)
1498,neat,きちんとした；見事な,nitidus(輝く・綺麗な) → 整っていて気持ちが良い,neatly(きちんと)
1499,tidy,きちんとした，整頓された；相当の,tide(時) → 時期にかなった・整った,tidiness(整頓)
1500,loyal,(～に)忠実な(to)；誠実な,lex(法律) → 法律を守る・義理堅く忠実な,loyalty(忠誠心)
1501,bless,に恩恵を与える；に感謝する,blod(血) → 神聖な血を振り撒いて清める・祝福する,blessing(祝福・恵み)
1502,regain,を取り戻す,re(再び) + gain(得る) → 再び手に入れる,
1503,conform,順応する；一致する,com(共に) + forma(形) → 周囲と同じ形を形作る,conformity(順応・適合)
1504,enroll,登録する，入会する；を登録させる,en(の中に) + roll(巻物・名簿) → 名簿の中に書き入れる,enrollment(登録・入学)
1505,entitle,に権利を与える；に題名をつける,en(にする) + titulus(タイトル・資格) → 資格やタイトルを与える,entitlement(権利・資格)
1506,halt,を止める；止まる,hald(止まる)が語源,
1507,provoke,(感情・行動など)を引き起こす；を挑発する,pro(前へ) + vocare(呼ぶ) → 声をかけて感情を呼び起こす・挑発する,provocation(挑発) / provocative(挑発的な)
1508,invade,を侵略する；を侵害する；(場所)に殺到する,in(の中に) + vadere(進む) → 内部へ踏み込む,invasion(侵略) / invader(侵略者)
1509,squeeze,押し入る；を押し込む；(を)搾る；(を)強く押す,cwesan(押しつぶす)が語源,
1510,crawl,はう；ゆっくり進む,krala(這う)が語源,
1511,digest,を消化する；を理解する；を要約する,dis(別々に) + gerere(運ぶ) → 分解して体内に取り込む,digestion(消化) / digestive(消化の)
1512,utter,(声)を発する；(考えなど)を述べる,out(外へ) → 口から外へ音や言葉を出す,utterance(発声・発言)
1513,refrain,控える,re(後ろへ) + frenum(くつわ) → くつわを引いて抑える,
1514,populate,に住む，の住民である；に人を住まわせる,populus(人々・民) + ate → 人々を住まわせる,population(人口)
1515,accommodate,を収容する；を(～に)適応させる(to),ad(〜へ) + com(共に) + modus(尺度) → 合わせて受け入れる,accommodation(宿泊施設・適応)
1516,steer,(を)操縦する；を(～へ)向ける(to),steoran(舵をとる)が語源,steering(操縦・ステアリング)
1517,drown,溺死する；を水浸しにする,druncnian(飲み込まれる)が語源 → 水に飲み込まれて溺れる,
1518,dip,を浸す；(手など)を(～に)突っ込む(into / in)；下がる,dippan(沈める)が語源,
1519,soak,を浸す；をずぶぬれにする；浸る,socian(浸す)が語源,
1520,stir,をかき回す；を揺り動かす,styrian(動かす)が語源,stirring(感動的な)
1521,transplant,を移植する；を移住させる,trans(越えて) + plant(植える) → 別の場所に植え替える,transplantation(移植)
1522,reassure,を安心させる,re(再び) + ad(〜へ) + securus(確かな) → 再び確信させて安心させる,reassurance(安心・再保証)
1523,resume,(を)再開する；を取り戻す,re(再び) + sumere(取る) → 再び取り上げる・再開する,resumption(再開)
1524,speculate,(と)推測する；投機する,specere(見る) → じっくり見つめて推測・予想する,speculation(推測・投機) / speculative(推測の)
1525,surpass,を上回る,super(越えて) + passer(通る) → 越えて通り過ぎる,
1526,appoint,を任命する；(日時・場所など)を指定する,ad(〜へ) + point(指し示す) → 指標を定めて任命・指定する,appointment(約束・任命)
1527,intrigue,に興味を持たせる；陰謀を企てる,in(の中に) + tricae(複雑な事態) → 複雑さで惹きつける・策を弄する,intriguing(興味深い)
1528,decay,腐敗する；(徐々に)衰える,de(下に) + cadere(落ちる) → 状態が下落して腐敗・衰退する,
1529,contaminate,を汚染する；を堕落させる,com(共に) + tangere(触れる) → 接触して汚す,contamination(汚染)
1530,swell,膨張する，腫れる；を膨らませる,swellan(膨らむ)が語源,swollen(腫れた)
1531,delete,を削除する，消す,de(離れて) + linere(擦る) → 擦って消し去る,deletion(削除)
1532,tolerate,を許容する，我慢する,tolerare(耐える・持ち上げる) → 持ちこたえて受け入れる,tolerance(寛容・耐性) / tolerant(寛容な)
1533,envy,をうらやむ,in(の中に・対して) + videre(見る) → じっと妬み見る,envious(うらやましがっている) / enviable(羨ましい)
1534,pray,(を)祈る,precari(お願いする・祈る)が語源,prayer(祈り)
1535,confess,(を)告白する,com(完全に) + fateri(認める) → すべて打ち明ける,confession(告白・自白)
1536,resign,(を)辞任する；を放棄する,re(後ろへ) + signare(署名・印) → 署名して辞退を表明する,resignation(辞任・諦め)
1537,dissolve,(を)溶かす；(議会など)を解散する；(契約など)を解消する；溶ける,dis(バラバラに) + solvere(解く) → 解いて散らす,dissolution(解散・解消)
1538,unfold,(閉じたもの)を開く；を明らかにする；開く；明らかになる,un(取り消し) + fold(折る) → 折りたたみを解く,
1539,awaken,を目覚めさせる；(～から)覚める(from),a(強調) + wacan(起きる) → 目を覚まさせる,awakening(覚醒)
1540,conceive,(を)思いつく；と想像する；(を)妊娠する,com(完全に) + capere(捕らえる) → 心や体の中に宿す,conception(概念・妊娠) / concept(概念)
1541,entrepreneur,起業家，事業家,entre(間に) + prendre(取る) → 事業を引き受ける人,entrepreneurship(起業家精神)
1542,stake,利害関係；〔通例～s〕賭け金；杭,staca(杭) → 杭を打って境界・所有権・賭け金を主張する,
1543,surplus,余剰，過剰；黒字,super(越えて) + plus(より多くの) → 定量を越えて余った分,
1544,inflation,インフレ(ーション)；(物価の)高騰,in(中に) + flare(膨らます) → 膨張すること,inflate(膨らませる)
1545,sweatshop,搾取工場,sweat(汗) + shop(工場) → 汗水垂らして働かせる酷使工場,
1546,clash,衝突；対立；かち合うこと；ガチャンという音,擬音語(金属などが激しくぶつかる音),
1547,sociology,社会学,socius(仲間・社会) + logy(学問) → 社会に関する学問,sociologist(社会学者) / sociological(社会学の)
1548,ideology,イデオロギー，思想傾向,idea(観念) + logy(学問) → 観念体系・思想傾向,ideological(思想上の)
1549,margin,余白；差；利ざや,margo(端・境界) → 端の空白・差額,marginal(わずかな・端の)
1550,realm,領域；領土,regimen(支配・王国) → 支配する範囲,
1551,domain,分野；領域；ドメイン,dominus(主・領主) → 領主の所有地・専門領域,
1552,algorithm,アルゴリズム；問題解決の手順,数学者アル＝フワーリズミーの名が語源,algorithmic(アルゴリズムの)
1553,prairie,大草原,pratum(草地)が語源,
1554,frontier,〔通例the ～s〕最先端；〔the ～〕 【米】辺境地；国境,frons(最前線・額) → 最先端の領域,
1555,bullet,銃弾,boule(球) + et(小さい) → 小さい金属の球,bulletproof(防弾の)
1556,shield,盾，防御物,scild(盾)が語源,
1557,despair,絶望,de(否定) + sperare(希望を持つ) → 希望を失うこと,desperate(絶望的な・必死の)
1558,radiation,放射能，放射線,radius(光線) + ation → 放射状に広がる光線,radiate(放射する) / radioactive(放射性の)
1559,placebo,偽薬，プラシーボ；気休め,placebo(私は喜ばせる) → 患者を安心させるための偽薬,
1560,nursery,託児所；苗床,nutrire(育てる) + ery → 子供や植物を育てる場所,nurse(看護師・育てる)
1561,spouse,配偶者,spondere(誓う) → 結婚を誓い合った相手,
1562,makeup,化粧；化粧品；構成；性質,make(作る) + up(組み立てる) → 作り上げること,
1563,mummy,ミイラ；【英】ママ，お母さん,mumiya(防腐剤に使われた瀝青)が語源,
1564,flesh,(人・動物の)肉；果肉,flaesc(肉)が語源,fleshy(肉付きの良い)
1565,limb,手足,lim(身体の関節・肢)が語源,
1566,odor,におい；気配,odere(におう) → 独特のにおい,odorous(においのある)
1567,laundry,洗濯(物)；クリーニング店,lavare(洗う) → 洗濯するもの,launder(洗濯する)
1568,tide,潮(の干満)；動向,tid(時間・時期) → 周期的に訪れる潮の満ち引き,tidal(潮の)
1569,questionnaire,アンケート,question(質問) + aire(集まり) → 質問票,
1570,nonsense,ばかげた物［話，考え］；無意味な言葉,non(無) + sense(意味) → 意味をなさないこと,
1571,revenge,復讐,re(再び) + vindicare(報復する) → 報復すること,revengeful(復讐心に燃えた)
1572,intellect,知性；〔the ～(s)〕知識人,inter(の間に) + legere(選ぶ) → 物事を正しく識別する知性,intellectual(知的な)
1573,hospitality,親切なもてなし，歓待；受容性,hospes(客・主人) + ity → 客を温かく迎えること,hospitable(歓待する)
1574,librarian,司書，図書館員,liber(本) + arian(人) → 図書館で本を管理する人,library(図書館)
1575,manuscript,(手書きの)原稿；写本,manus(手) + scribere(書く) → 手で書いた原本,
1576,obsession,(考えなどに)取りつかれること；妄想；強迫観念,ob(前に) + sedere(座る) → 前に居座って頭を離れないこと,obsess(取りつかれる) / obsessive(強迫観念的な)
1577,hygiene,衛生(状態)；健康法,Hygieia(ギリシャ神話の健康の女神)が語源,hygienic(衛生的な)
1578,paradigm,理論的枠組み，パラダイム；模範,para(並べて) + deiknynai(示す) → 並べて見せる模範・枠組み,
1579,legitimate,合法的な；妥当な,lex(法律) + ate → 法律に適った,legitimacy(正当性) / legitimize(正当化する)
1580,authentic,本物の；信頼できる,authentes(本物の・自ら行う者) → 本物の,authenticity(信頼性・本物であること)
1581,empirical,経験的な；経験主義の,en(中に) + peira(試み) → 実際に経験・観察に基づいた,empiricism(経験主義)
1582,immense,膨大な,in(不) + metiri(測る) → 測定できないほど巨大な,immensely(非常に)
1583,absurd,ばかげた；不合理な,ab(完全に) + surdus(耳が聞こえない) → 不協和音で筋が通らない,absurdity(不合理)
1584,weird,異様な，奇妙な,wyrd(運命・不可思議)が語源,
1585,accidental,偶然の；過失による,ad(〜へ) + cadere(落ちる) → 落ちて偶然起こる,accident(事故・偶然) / accidentally(偶然に)
1586,uneasy,不安な；落ち着かない；ぎこちない,un(不) + easy(穏やかな) → 心が穏やかでない,uneasiness(不安)
1587,jealous,嫉妬深い；用心深い,zelos(熱意・嫉妬) → 他人を羨んで興奮している,jealousy(嫉妬)
1588,feminine,女らしい,femina(女性) + ine → 女性特有の,feminism(フェミニズム) / femininity(女らしさ)
1589,swift,素早い,swifan(素早く動く)が語源,swiftly(素早く)
1590,hollow,空洞の；空虚な；うわべだけの,hol(穴)が語源 → 中が空っぽの,
1591,crude,大まかな；粗野な；未精製の,crudus(生の・未熟な) → 精製されていない生のままの,crudely(雑に)
1592,sore,痛い；腹が立って,sar(痛む)が語源,soreness(痛み)
1593,pessimistic,悲観的な,pessimus(最悪の) → 最悪の事態を考える,pessimism(悲観主義) / pessimist(悲観主義者)
1594,vain,無駄な；うぬぼれた,vanus(空っぽの) → 成果がなく空しい,vanity(虚栄心) / in vain(無駄に)
1595,susceptible,(～の)影響を受けやすい(to)；感染しやすい,sub(下に) + capere(捕らえる) → 下から受け入れやすい,susceptibility(感受性・影響を受けやすさ)
1596,edible,食用の，食べられる,edere(食べる) + able → 食べることができる,
1597,sheer,純然たる，真の；すごい；(布が)薄地の,scir(純粋な・明るい)が語源 → 不純物のないそのままの,
1598,explicit,明白な；率直な,ex(外へ) + plicare(折る) → 折りたたみを外へ開いて明解にする,explicitly(明白に)
1599,prone,(～に)なりやすい(to)；(…する)傾向がある(to do),pronus(前傾の) → 前に傾いて倒れやすい,
1600,affluent,裕福な；豊富な,ad(〜へ) + fluere(流れる) → 豊かに流れ込んでくる,affluence(裕福)
1601,collaborate,共同して働く；(～に)協力する(with),com(共に) + laborare(働く) → 一緒に働く,collaboration(共同研究) / collaborative(協力的な)
1602,exert,を及ぼす；(力など)を行使する,ex(外へ) + serere(結ぶ・接続する) → 外へ力を押し出す,exertion(行使・努力)
1603,excel,(～で)秀でている(in / at)；に勝る,ex(越えて) + celsus(高い) → 越えて高く突き抜ける,excellence(優秀さ) / excellent(素晴らしい)
1604,prosper,栄える，成功する；繁殖する,pro(前へ) + spes(希望) → 希望に向かって栄える,prosperity(繁栄) / prosperous(繁栄している)
1605,surge,殺到する；(感情が)こみ上げる；急騰する,sub(下から) + regere(直進する) → 下から波のように押し寄せる,
1606,intervene,(～に)介入する(in)；介在する,inter(の間に) + venire(来る) → 間に入り込む,intervention(介入)
1607,insert,を挿入する,in(の中に) + serere(結ぶ・はめ込む) → 中にはめ込む,insertion(挿入)
1608,overtake,を追い抜く；に追いつく；(災難・強い感情などが)を襲う,over(越えて) + take(捕らえる) → 超えて追いつき追い抜く,
1609,snap,をパチンと鳴らす；をポキッと折る；ポキッと折れる；パチンと音を立てる,snappen(噛みつく)が語源 → パチンと素早く動作する,
1610,carve,を彫る；を切り開く；(肉)を切り分ける,ceorfan(刻む)が語源,carving(彫刻)
1611,addict,〔受身形で〕(～の)中毒になる(to)；(～に)凝る,ad(〜へ) + dicere(引き渡す・宣言する) → 囚われて身を捧げる,addiction(中毒) / addictive(中毒性の)
1612,condemn,を非難する；〔受身形で〕(～の刑を)宣告される(to),com(強調) + damnare(罰する) → 強く咎めて有罪を告げる,condemnation(非難)
1613,convict,に有罪を宣告する,com(強調) + vincere(証明する・勝つ) → 証拠を固めて有罪にする,conviction(有罪判決・確信)
1614,dictate,を指図する；を書き取らせる；を規定する,dicere(言う) + ate → 威厳をもって言う・指図する,dictator(独裁者) / dictation(口述筆記)
1615,prescribe,(薬など)を処方する；を規定する,pre(事前に) + scribere(書く) → あらかじめ指示を書き記す,prescription(処方箋・規定)
1616,inhibit,を抑制する；を妨げる,in(の中に) + habere(保持する) → 内に押さえつけて止める,inhibition(抑制)
1617,stray,はぐれる，(道に)迷う,extra(外へ) + vagari(さまよう) → 枠から外れて迷い出る,
1618,roam,(を)歩き回る；放浪する,ramen(進む)が語源 → 目的なく歩き回る,
1619,enclose,を同封する；を取り囲む,in(の中に) + claudere(閉じる) → 枠の中に閉じ込める,enclosure(同封・囲い)
1620,execute,を実行する；を処刑する,ex(最後まで) + sequi(従う) → 終わりまでやり遂げる・刑を遂行する,execution(実行・処刑) / executive(幹部・執行権のある)
1621,coincide,同時に起こる；一致する,com(共に) + in(へ) + cadere(落ちる) → 同じタイミングで発生する,coincidence(偶然の一致) / coincidental(偶然の)
1622,lag,遅れる；徐々に弱まる,lagu(のろい)が語源,laggy(遅延する)
1623,cling,しがみつく；くっつく,clingan(粘りつく)が語源,clingy(まとわりつく)
1624,erase,を消す,e(外へ) + radere(削る) → 削り落として消す,eraser(消しゴム) / erasure(削除)
1625,grind,(穀物など)をひく,grindan(すりつぶす)が語源,grinder(グラインダー)
1626,knit,を編む；を結合する；編み物をする,cnyttan(結ぶ)が語源,knitting(編み物)
1627,inquire,(を)尋ねる,in(の中に) + quaerere(探す) → 答えを求めて尋ねる,inquiry(問い合わせ)
1628,betray,をうっかり表す；を裏切る,be(強調) + tradere(引き渡す) → 敵に引き渡す・意図せず曝露する,betrayal(裏切り)
1629,leak,漏れる；を漏らす,leken(漏れる)が語源,leakage(漏洩)
1630,smash,を粉砕する；を強打する；粉々に壊れる；激突する,擬音語(叩き潰す音),
1631,bounce,跳ねる；反射する；を弾ませる；(Ｅメールが)(宛先不明で)返送される,bounsen(叩く)が語源,
1632,sprawl,(都市などが)不規則に広がる；だらしなく手足を伸ばす,spreawlian(手足を伸ばす)が語源,
1633,converse,(～と)会話をする(with),com(共に) + vertere(向きを変える) → 向き合って語り合う,conversation(会話)
1634,recite,を暗唱する；を詳述する,re(再び) + citare(呼び出す) → 覚えたことを声に出して再現する,recitation(暗唱)
1635,disregard,を無視する；を軽視する,dis(不) + regard(注視する) → 意図的に目を向けない,
1636,frown,眉をひそめる,frognier(鼻を鳴らす)が語源 → 不満で顔をしかめる,
1637,evoke,を呼び起こす,e(外へ) + vocare(呼ぶ) → 記憶や感情を外へ呼び出す,evocative(喚起する)
1638,pledge,を誓う，約束する；を与えることを約束する,plegium(誓約・保釈金) → 固く誓う,
1639,aspire,(～を)熱望する(to),ad(〜へ) + spirare(息をする) → 高みを目指して息を弾ませる,aspiration(熱望) / aspiring(熱心な)
1640,contemplate,(を)熟考する；を予想する,com(熟考) + templum(観察のための鳥の領域・寺院) → じっくりと静かに見つめる,contemplation(熟考)
1641,grace,優美，優雅；分別；(神の)恩寵,gratus(喜ばしい) → 気品や神の恵み,graceful(優雅な) / gracious(親切な)
1642,enlightenment,啓蒙，啓発,en(にする) + light(光) + ment → 光を照らして無知を開くこと,enlighten(啓蒙する)
1643,commerce,商業；貿易,com(共に) + merx(商品) → 商品をやり取りする商業,commercial(商業の)
1644,draft,下書き；為替手形；隙間風,dragan(引く・描く) → 線を引いて書いた下書き,
1645,barrel,バレル(液量の単位)；たる,baril(樽)が語源,
1646,timber,【英】 木材；樹木,timber(建築物) → 建築用の木材,
1647,garment,衣服,garir(備え付ける・装飾する) → 身につける衣服,
1648,thread,糸；(議論などの)筋道,thrawan(ひねる) → 撚り合わされた糸,
1649,cabinet,〔しばしばthe C-〕内閣；戸棚,cabane(小屋) + et(小さい) → 小部屋・密室で行う内閣会議,
1650,bureau,(官庁の)局；事務局；案内所,burel(毛織物の事務机の布) → 事務机・事務局,bureaucracy(官僚主義)
1651,autonomy,(個人の)自律；自治(権)；自治体,autos(自分) + nomos(法律) → 自らのルールで治めること,autonomous(自治の)
1652,toll,損害(の程度)；死傷者数；通行料,telonium(徴税所) → 通行料・払わされる代償,
1653,discourse,話し合い，会話；講演；論説,dis(あちこちに) + currere(走る) → 言葉を行き交わせる論説・会話,
1654,superstition,迷信,super(上に) + stare(立つ) → 根拠なく過剰に信じ込んで立ち尽くすこと,superstitious(迷信深い)
1655,glimpse,ちらりと見えること,glimsen(輝く) → 瞬間的にちらりと見えること,
1656,arithmetic,計算；算数,arithmos(数) → 数を扱う計算,
1657,glossary,用語小辞典；用語集,glossa(難解な言葉) + ary → 用語の解説集,
1658,archive,〔しばしば～s〕記録文書，公文書；公文書保管所；(コンピューターの)アーカイブ,arkhe(政庁・官庁) → 官庁の重要保管文書,
1659,legacy,遺産,legare(使節として送る・遺贈する) → 後世に残された遺産,
1660,anthropology,人類学,anthropos(人間) + logy(学問) → 人間に関する学問,anthropologist(人類学者)
1661,rage,激怒；猛威,rabies(狂気) → 激しい怒り,enrage(激怒させる)
1662,sorrow,悲しみ,sorg(悲しみ・心配)が語源,sorrowful(悲しむ)
1663,psychiatrist,精神科医,psyche(心) + iatros(医師) → 心の病を治す医師,psychiatry(精神医学)
1664,ward,行政区；病棟,weardan(守る) → 守られた区画・病室,
1665,stall,露店；エンスト；失速,stall(立ち止まる場所) → 立ち止まる小屋・動きが止まること,
1666,flame,炎；情熱,flamma(炎)が語源,flammable(可燃性の)
1667,moisture,水分；湿気,muscus(湿った) → しめりけ,moist(湿った) / moisturize(保湿する)
1668,irony,皮肉,eironeia(白々しい偽り) → 意図と反対の表現による皮肉,ironic(皮肉な)
1669,warrior,戦士,war(戦争) + ior → 戦う人,
1670,astronomy,天文学,astron(星) + nomos(法則) → 星の法則を学ぶ天文学,astronomer(天文学者) / astronomical(天文学的な)
1671,probe,(無人)宇宙探査機；(～の)精査(into)；探り針,probare(試す・調べる) → 探りを入れて調べるツール,
1672,altitude,高度，標高,altus(高い) + tude → 高さ,
1673,tumor,腫瘍；腫れ物,tumere(腫れる) → 膨れ上がった腫れ物,
1674,defect,欠陥；不足,de(離れて) + facere(作る) → 未完成で不備があること,defective(欠陥のある)
1675,sanitation,公衆衛生(学)；下水［衛生］設備,sanus(健康な) + ation → 健康を保つ衛生設備,sanitary(衛生的な)
1676,longevity,長寿；寿命；長年勤続,longus(長い) + aevum(時代・年齢) → 長い寿命,
1677,scope,(活動・能力などの)範囲；余地,skopein(見る) → 見渡せる範囲,
1678,sentiment,感情；感想；感傷,sentire(感じる) + ment → 心に感じる思い・感情,sentimental(感傷的な)
1679,plausible,もっともらしい,plaudere(拍手する) + ible → 拍手して認められるような説得力,plausibility(もっともらしさ)
1680,vigorous,精力的な；激しい；活力のある,vigere(活気がある) + ous → 生き生きとした,vigor(活力)
1681,masculine,男らしい,mas(男性) + ine → 男性特有の,masculinity(男らしさ)
1682,rigid,厳しい；硬直した,rigere(硬くなる) → カチコチに硬い・厳格な,rigidity(硬直・厳格さ)
1683,adverse,不都合な；逆の,ad(〜へ) + vertere(向ける) → 反対方向を向いた・不都合な,adversity(逆境) / adversary(敵)
1684,coherent,一貫した，筋の通った；結束した,com(共に) + haerere(くっつく) → しっかりまとまり筋が通った,coherence(一貫性)
1685,literal,文字どおりの；逐語的な；散文的な,littera(文字) + al → 文字の通りの,literally(文字通りに) / literacy(識字率)
1686,arbitrary,恣意的な；独断的な,arbiter(裁定人・審判) → 個人の独断で決める,arbitrarily(恣意的に)
1687,anonymous,匿名の,an(無) + onoma(名前) → 名前がない,anonymity(匿名性)
1688,antique,骨董の，アンティークの；古風な,ante(前に) + icus → 昔の・骨董の,antiquity(古代)
1689,eternal,永遠の；不変の,aevum(時代・時代を超えた) → 時を超えて変わらない,eternity(永遠)
1690,intermediate,中級の；中間の,inter(の間に) + medius(真ん中) → 真ん中の段階の,
1691,subordinate,(～より)下位の(to)；副次的な,sub(下に) + ordinare(配置する) → 下の位に配置された,subordination(従属)
1692,gloomy,陰気な；薄暗い；悲観的な,glom(暗がり)が語源,gloom(暗がり・陰気)
1693,thermal,熱の，熱による；保温用の,therme(熱) → 熱に関する,
1694,faint,かすかな；めまいがする；弱々しい,feint(装う・弱まる) → 弱々しくて消えそうな,faintly(かすかに)
1695,naive,お人よしの，愚直な；純朴な,nativus(生まれたままの) → 世慣れておらず純朴な,naivety(単純さ)
1696,apt,(…する)傾向がある(to do)；適切な；利発な,apere(結びつける) → 適合しやすい・適した,aptitude(適性)
1697,arrogant,横柄な，傲慢な,ad(〜へ) + rogare(要求する) → 過剰に要求して威張る,arrogance(傲慢)
1698,extrovert,外向的な；社交的な,extro(外へ) + vertere(向ける) → 関心が外に向いている,extroverted(外向的な)
1699,conspicuous,目立つ,com(強調) + specere(見る) → よく見えて目立つ,conspicuously(著しく)
1700,intact,損なわれていない，手つかずの,in(未) + tangere(触れる) → 触れられておらず無傷の,
1701,embody,を具現する；を包含する,em(にする) + body(身体・肉体) → 形を与えて具現化する,embodiment(具現・化身)
1702,illuminate,を照らす；を解明する,in(の中に) + lumen(光) + ate → 光を当てて照らし出す,illumination(照明・解明)
1703,console,を慰める,com(共に) + solari(なだめる) → 寄り添って心をなだめる,consolation(慰め)
1704,verify,の正しさを証明［確認］する,verus(真実の) + fy → 真実であることを確認する,verification(検証・確認)
1705,disclose,を公表する，暴く,dis(反対) + close(閉じる) → 開いて公にする,disclosure(開示・公表)
1706,stack,を積む，積み重ねる；〔～ upで〕(車が)渋滞する,staka(杭・積み上げ)が語源 → 重ねて積み上げる,
1707,rotate,回転する；循環する；を回転させる,rota(車輪) + ate → 車輪のように回る,rotation(回転・交替)
1708,constrain,に(…することを)強いる(to do)；を抑える,com(強く) + stringere(締め付ける) → 枠内に力づくで抑え込む,constraint(制約・強制)
1709,hinder,を妨げる,hind(後ろの) + er → 後ろに引っ張って妨害する,hindrance(障害・妨害)
1710,withstand,に耐える,with(反対して) + stand(立つ) → 逆らって立ち続ける・耐える,
1711,tweet,(を)ツイートする，つぶやく,擬音語(小鳥のさえずり) → SNS上でつぶやく,
1712,sneeze,くしゃみをする,fneosan(くしゃみをする)の変形(擬音語),
1713,erupt,(火山が)噴火する；勃発する,e(外へ) + rumpere(破る) → 突き破って外へ噴き出す,eruption(噴火・勃発)
1714,blur,をぼかす；を曇らせる；をあいまいにする,blear(かすんだ)が語源 → 輪郭をぼやけさせる,blurry(ぼやけた)
1715,overlap,(一部)重なる；(と)重複［共通］する,over(上に) + lap(重ね合わせ) → 上に重なる,
1716,embed,〔通例受身形で〕埋め込まれる，はめ込まれる,em(の中に) + bed(床・土台) → 深く埋め込む,
1717,displace,に取って代わる；を移動させる,dis(離れて) + place(場所) → 元の場所から押し出す,displacement(変位・転移)
1718,render,を(ある状態に)する；(援助など)を与える,re(戻して) + dare(与える) → 状態を作り出す・差し出す,rendering(表現・解釈)
1719,plunge,(～に)(を)突っ込む(into)；没頭する；陥る,plumbum(鉛) → 鉛のように一気に沈み込む,
1720,surrender,を放棄する，引き渡す；(～に)屈する(to),sur(越えて) + render(渡す) → 相手に全権を引き渡す,
1721,plug,〔＋inで〕のプラグを電源に差し込む；を(～で)ふさぐ(with),plugge(栓)が語源 → 穴をふさぐ・挿し込む,
1722,suck,(を)吸う；(を)しゃぶる,succan(吸い取る)が語源,
1723,mock,をばかにする；のまねをしてからかう,mocquer(からかう)が語源 → まねをして嘲笑する,mockery(あざけり) / mock(疑似の)
1724,tease,(を)からかう；をいじめる,taesan(ほぐす・引き裂く) → 心を苛立たせてからかう,
1725,soothe,をなだめる；を和らげる,soth(真実) → 落ち着かせて穏やかにする,soothing(心をなだめる)
1726,stain,を汚す；に着色する,disparage(変色させる)の短縮形 → 染みをつける,stainless(サビのない)
1727,shun,を避ける,scunian(避ける)が語源,
1728,stumble,よろけながら歩く；(～に)つまずく(on / over),stumbeln(つまずく)が語源,
1729,flush,を紅潮させる；を水で流す；紅潮する,flux(流れる)が語源 → 水や血が勢いよく流れる,
1730,impair,を損なう,in(不) + pejor(より悪い) → 悪化させて機能を損なう,impairment(障害・損傷)
1731,presume,と思う；と推定する；を前提とする,pre(事前に) + sumere(取る) → 根拠なくあらかじめ推測する,presumption(推定) /処可/ presumably(思うに)
1732,contend,と主張する；競う,com(共に) + tendere(伸ばす・争う) → 力の限り競い合う・主張する,contention(主張・争い)
1733,roar,うなる，ほえる；大笑いする,raren(叫ぶ)が語源,roaring(咆哮する)
1734,haunt,(記憶・考えなどが)につきまとう；(幽霊などが)に出る；によく行く,hanter(頻繁に通う) → 定期的に現れてつきまとう,haunted(幽霊の出る)
1735,divert,(注意など)をそらす；を迂回させる；(資金など)を転用する,dis(別の方向へ) + vertere(向ける) → 方向を転換させる,diversion(気晴らし・迂回)
1736,await,を待つ,a(〜に向けて) + wait(待つ) → 待ち受ける,
1737,fetch,を(行って)持って［連れて］くる,fetian(連れてくる)が語源,
1738,unify,を統合［統一］する；統一される,unus(1つ) + fy → ひとつにまとめる,unification(統合・統一) / unity(結束)
1739,inspect,を点検する；を視察する,in(の中に) + specere(見る) → 中をじっくり調べる,inspection(点検・検査) / inspector(検査官)
1740,entail,を伴う，引き起こす；(…すること)を含む(doing),en(にする) + taillie(制限・継承) → 必然的な結果として伴わせる,
1741,tactics,作戦，方策；戦術，戦法,tassein(整列させる) → 目的達成のための配置・戦術,tactical(戦術的な)
1742,feat,偉業，功績；妙技,factum(なされたこと・業績) → 成し遂げられた素晴らしい偉業,
1743,prestige,名声；〔形容詞的に〕名声のある,praestigium(手品・錯覚) → 人を圧倒する威信・名声,prestigious(名声のある)
1744,analogy,類推；類似,ana(〜に従って) + logos(言葉・比例) → 似通った比例関係からの推測,analogous(類似した)
1745,conscience,良心；分別,com(完全に) + scire(知る) → 正しいか間違っているかを知る心,conscientious(良心的な)
1746,textile,織物；繊維(産業),texere(織る) + ile → 織られた製品・繊維,
1747,deficit,赤字，不足；欠陥,de(不足して) + facere(作る) → 足りない部分・赤字,
1748,plague,疫病；(害虫などの)異常発生,plaga(打撃・災い) → 人々を襲う大打撃・疫病,
1749,hazard,危険(要素)；偶然,az-zahr(サイコロの目) → 予測不能なリスク・危険,hazardous(危険な)
1750,metabolism,(新陳)代謝，代謝作用,meta(変化) + ballein(投げる) → 物質が体内で変化・変換すること,metabolic(代謝の)
1751,paralysis,麻痺；〔比喩的に〕麻痺(状態),para(脇へ) + lyein(緩める) → 神経が緩んで動かなくなること,paralyze(麻痺させる)
1752,grid,(電気などの)供給網；格子(模様)；碁盤目,griddle(鉄板・格子) → 網目状に張り巡らされた構造,
1753,carriage,馬車；車両；立ち居振舞い；【英】輸送,carrus(車) → 物や人を運ぶ乗り物・姿勢,
1754,friction,不和；摩擦,fricare(擦る) + tion → 擦れ合い・感情の衝突,frictional(摩擦の)
1755,rebel,反逆者,re(反対して) + bellum(戦争) → 権力に逆らって戦う人,rebellion(反乱) / rebellious(反抗的な)
1756,regime,政権，政体；体制,regere(統治する) → 統治システム・政権,
1757,monopoly,独占(権),monos(単独の) + polein(売る) → 一社だけで売りさばくこと,monopolize(独占する)
1758,staple,必需食品；主要産物,stapel(支柱・拠点) → 生活や産業の根幹をなすもの,
1759,merchandise,商品,merx(商品) → 売買される物品,merchant(商人)
1760,vendor,物売り，行商人；自動販売機,vendere(売る) + or → 販売する人・機械,
1761,supervisor,監督者；指導教員,super(上に) + videre(見る) + or → 上から見守り指導する人,supervise(監督する) / supervision(監督)
1762,predecessor,前任者；前のもの,pre(前に) + de(離れて) + cedere(行く) → 先に去っていった人,
1763,personnel,〔集合的に〕職員，社員,persona(人) + el → 組織に属する人々の集まり,
1764,vessel,船舶；容器；(体液が通る)脈管,vas(容器) → 液体の入る容器・船・血管,
1765,liver,肝臓,lif(生命)と同語源 → 生きていくために不可欠な器官,
1766,duration,(時間の)継続，持続(時間),durus(硬い・長持ちする) + ation → 長く続く時間,durable(耐久性のある)
1767,certificate,証明書；免許状,certus(確かな) + facere(作る) → 確実であることを証明する文書,certify(証明する)
1768,geometry,幾何学,geo(地球・土地) + metron(測定) → 土地を測る技術から発達した数学,geometric(幾何学の)
1769,symmetry,(左右)対称；調和,syn(共に) + metron(測定) → 双方のサイズが釣り合っていること,symmetrical(左右対称の)
1770,biography,伝記,bios(生命・一生) + graphein(書く) → 人の一生を書き記録したもの,biographer(伝記作家) / autobiographical(自伝の)
1771,masterpiece,傑作,master(マスター・親方) + piece(作品) → 一人前の親方と認められる最高の作品,
1772,rhyme,押韻詩；韻；〔通例～s〕詩歌,rhythmos(リズム) → 踏む音律・韻,
1773,premium,保険料；プレミア；景品,prae(前に) + emere(取る) → 先に支払う金・上乗せ価値,
1774,breakdown,崩壊；(神経)衰弱；故障；内訳,break(壊れる) + down(下へ) → 機能が崩れ去ること,
1775,courtesy,礼儀正しさ；好意；優遇,court(宮廷) + esy → 宮廷で見られる上品な作法,courteous(礼儀正しい)
1776,protocol,(条約)議定書；外交儀礼；プロトコル,protos(最初の) + kolla(接着剤) → 巻物の先頭に貼られた目録・儀礼規約,
1777,specimen,標本；実例,specere(見る) → 見本として観察するための標本,
1778,thesis,論文；命題，テーゼ,tithemi(置く) → 根拠として提示された主張・論文,
1779,eligible,適格の，資格のある；(結婚相手として)望ましい,e(外へ) + legere(選ぶ) + ible → 選ばれる資格を備えている,eligibility(適格性)
1780,intrinsic,固有の，本質的な,intra(内部に) + sequi(従う) → 内側に本来備わっている,intrinsically(本質的に)
1781,diligent,勤勉な；入念な,dis(離れて) + legere(選ぶ) → 注意深く選んで熱心に取り組む,diligence(勤勉) / diligently(勤勉に)
1782,vocational,職業の，職業訓練の(ための),vocare(呼ぶ) → 天職・職業に関する,vocation(職業・天職)
1783,bankrupt,破産宣告を受けた；破綻している,banc(両替台) + ruptus(壊れた) → 台が壊れて商売が立ち行かない,bankrupting / bankruptcy(破産)
1784,stern,厳しい；いかめしい,stier(固い・厳格な)が語源,sternly(厳しく)
1785,stubborn,頑固な，強情な；手に負えない,stub(切り株)が語源 → 切り株のように動かない,stubbornly(頑固に)
1786,maternal,母の，母親らしい；妊婦の,mater(母親) + nal → 母親に関する,maternity(母性)
1787,fertile,肥沃な；多産の,ferre(生み出す・運ぶ) + ile → 産出能力が高い,fertility(肥沃・多産) / fertilize(肥沃にする)
1788,ripe,熟した；成熟した,ripe(刈り取りに適した)が語源,ripen(熟す)
1789,stiff,硬直した，凝った；堅い,stif(曲がらない)が語源,stiffly(硬く) / stiffen(硬くする)
1790,obsolete,廃れた，使われなくなった；古くなった,ob(離れて) + solere(慣れる) → 使われなくなって時代遅れの,
1791,vacant,空いている,vacuus(空の) + ant → 中身が空っぽの,vacancy(空室・欠員)
1792,acoustic,音響の；聴覚の；(楽器が)アコースティックの,akouein(聞く) → 音や聴覚に関する,acoustics(音響学)
1793,preliminary,予備の，準備の,pre(前に) + limen(敷居) → 本番の敷居をまたぐ前の準備段階,
1794,approximate,おおよその,ad(〜へ) + proximus(最も近い) → 近似した・おおよその,approximately(およそ)
1795,implicit,暗黙の；内在する,in(の中に) + plicare(折る) → 折り込まれて直接表に出ていない,implicitly(暗黙のうちに)
1796,punctual,時間を守る,punctum(点・時間) + al → 決められた時点をきっちり守る,punctuality(時間厳守)
1797,compatible,矛盾しない；互換性のある；気が合う,com(共に) + pati(耐える・共存する) + ible → 共存できる,compatibility(互換性)
1798,ample,十分すぎるほどの；広い,amplus(広い・豊富な)が語源,amply(十分に)
1799,pervasive,隅々に広がった；浸透する；充満する,per(完全に) + vadere(進む) → 隅々まで行き渡っている,pervade(蔓延する) / pervasiveness(浸透性)
1800,ubiquitous,至る所にある,ubique(至る所に) + ous → どこにでも存在する,ubiquity(偏在・至る所にあること)
1801,deduce,を推測する，演繹する,de(下へ) + ducere(導く) → 前提から結論を引き出す,deduction(推論・演繹)
1802,simulate,を模擬実験する；を装う；をまねる,similis(似ている) + ate → 本物に似せて作る,simulation(シミュレーション)
1803,merge,(を)合併する；を融合させる；溶け込む,mergere(沈む) → 溶け込んで一体化する,merger(合併)
1804,penetrate,(に)浸透する；(に)進出する；(を)貫く；(を)見抜く,penitus(内部へ) + trare(入る) → 内部まで深く貫き通す,penetration(貫通・浸透)
1805,cater,(の)料理をまかなう；(要望などに)応える,capere(買い入れる) → 料理を手配して応える,caterer(仕出し屋)
1806,assault,に暴行する；を攻撃する,ad(〜へ) + saltare(跳びかかる) → 跳びかかって攻撃する,
1807,torture,を拷問にかける；を苦しめる,torquere(ねじる) + ture → 体をねじり上げて苦しめる,
1808,bleed,出血する,blod(血) → 血を流す,bleeding(出血)
1809,erect,を建てる；を直立させる,e(まっすぐに) + regere(導く) → まっすぐ上に立てる,erection(直立・建設)
1810,cherish,を大切にする；を心に抱く,carus(愛しい) → 愛おしんで大切にする,
1811,arouse,(感情など)を引き起こす；を目覚めさせる,a(強意) + rouse(目覚めさせる) → 感情を呼び起こす,
1812,doom,〔通例受身形で〕運命にある,domus(裁き・決定) → 避けられない不吉な決定・運命,
1813,mourn,(を)悼む；(を)嘆く,murnan(悲しむ)が語源,mourning(喪・哀悼) / mournful(悲しみに暮れた)
1814,dread,をひどく恐れる,draedan(恐れる)が語源,dreadful(恐ろしい)
1815,nourish,に栄養を与える；をはぐくむ,nutrire(育てる・養う) → 栄養を与えて育てる,nourishment(栄養)
1816,inject,(人)に注射する，を注入する；を導入する,in(の中に) + iacere(投げる) → 内部へ流し込む,injection(注射・注入)
1817,swear,(～を)ののしる(at)；(を)誓う,swerian(誓う)が語源,
1818,bid,(～に)の値をつける；(挨拶)を述べる,biddan(求める・命じる)が語源,bidding(入札)
1819,corrupt,を堕落させる；を買収する；堕落する,com(完全に) + rumpere(破る) → 完全に壊れて崩壊・堕落する,corruption(腐敗・汚職)
1820,preoccupy,の心を奪う，を夢中にさせる,pre(あらかじめ) + occupare(占領する) → 事前に頭を占領する,preoccupation(夢中・没頭)
1821,browse,(を)拾い読みする；(を)閲覧する；(商品など)を見て歩く,brost(新芽) → 新芽を食べ歩く・気ままに眺める,browser(ブラウザ)
1822,compile,を編集する；(資料など)をまとめる,com(共に) + pilare(集める) → 1つに掻き集めてまとめる,compilation(編集)
1823,allocate,を割り当てる，分配する,ad(〜へ) + locus(場所) + ate → 割り振られた場所に配置する,allocation(割り当て)
1824,offset,を相殺する，埋め合わせる；をオフセット印刷にする,off(離れて) + set(置く) → 別の要素を置いて相殺する,
1825,restrain,を制止する；を規制する,re(後ろへ) + stringere(引き締める) → 後ろへ引っ張って制約する,restraint(制約・自制)
1826,comply,従う，応じる,com(完全に) + plere(満たす) → 要求を完全に満たして従う,compliance(遵守)
1827,expire,期限が切れる,ex(外へ) + spirare(息を吐く) → 息を吐ききって終わる,expiration(期限切れ)
1828,embark,(～に)乗り出す(on)；乗船［搭乗］する,em(の中に) + barca(船) → 船に乗り込む・新しいことを始める,embarkation(乗船)
1829,flap,パタパタ動く；羽ばたく；をパタパタ動かす,擬音語(パタパタと動く音),
1830,furnish,に(～を)備えつける(with),fromjan(提供する) → 必要な家具や設備を備え付ける,furniture(家具)
1831,forge,を偽造する；(関係など)を築く；を鍛造する,fabrica(鍛冶場) → 鍛えて作り上げる・偽造する,forgery(偽造品)
1832,thrust,を押しつける；を突き刺す；押し進む,thrystan(押す)が語源 → 強力に突き押し進める,
1833,dispatch,を派遣する；を発送する；を処理する,dis(離れて) + impedire(妨げる)の反対 → 滞りなく速やかに送り出す,
1834,resent,に憤慨する,re(再び) + sentire(感じる) → 不快な感情を何度も思い出して怒る,resentment(憤り) / resentful(腹を立てた)
1835,reconcile,を(～と)一致させる(with)；を和解させる,re(再び) + conciliare(呼び集める) → 再び集めて仲直りさせる,reconciliation(和解)
1836,allege,を主張する,ad(〜へ) + legare(送る・主張する) → 証拠なしに主張する,allegation(主張・申し立て) / alleged(疑わしい)
1837,oppress,を抑圧［迫害］する；を悩ませる,ob(〜に対して) + premere(押す) → 上から重圧をかけて苦しめる,oppression(抑圧) / oppressive(過酷な)
1838,expel,を追放する；を吐き出す,ex(外へ) + pellere(押す) → 外へ追い出す,expulsion(追放)
1839,ascend,(を)上がる,ad(〜へ) + scandere(登る) → 上に向かって登る,ascent(上昇) / ascendant(優位な)
1840,commence,始まる；を開始する；…し始める(to do / doing),com(共に) + initiare(始める) → 正式に物事を開始する,commencement(開始・卒業式)
1841,advent,〔the ～〕出現，到来,ad(〜へ) + venire(来る) → やってくること,
1842,reign,治世；統治,regere(統治する) → 王の統治期間,
1843,diplomacy,外交(的手腕),diploma(折りたたまれた公文書) → 外交文書を扱う外交活動,diplomat(外交官) / diplomatic(外交上の)
1844,embassy,大使館；大使一行,ambactus(従者) → 使節団・大使館,ambassador(大使)
1845,exile,亡命(者)；(国外)追放,ex(外へ) + salire(跳ぶ) → 祖国から外へ追いやられること,
1846,refuge,避難(所)；保護,re(後ろへ) + fugere(逃げる) → 後ろへ逃げ込む安全な場所,refugee(難民)
1847,plight,窮状；(悪い)状態,plicare(折る) → 複雑に折りたたまれた苦しい状態,
1848,solitude,ひとりでいること；孤独,solus(ただひとつの) + tude → 単独でいる状態,solitary(孤独な)
1849,fallacy,誤った考え，誤信；錯誤,fallere(欺く) + acy → 人を誤解させる考え,fallacious(誤った)
1850,latitude,緯度；(行動・思想などの)許容範囲,latus(広い) + tude → 横の広がり・緯度・自由度,
1851,eclipse,(日食・月食などの)食；(名声などの)失墜,ek(外へ) + leipein(残す) → 光が消え去ること,
1852,basin,流域；盆地，海盆；洗面器［台］,bacca(水入れ) → 水が溜まる鉢状の地形,
1853,erosion,浸食；衰退,e(外へ) + rodere(かじる) → 水や風が表面をかじり取ること,erode(浸食する)
1854,archaeology,考古学,archaios(古代の) + logy(学問) → 古代の遺跡を調べる学問,archaeologist(考古学者)
1855,errand,(人の)使い，使い走り；用件,aernan(走る)が語源 → 用事のために走って行くこと,
1856,mercy,慈悲；〔通例a ～〕幸運,merces(報い・報酬) → 咎めずに与える恵み,merciful(慈悲深い) / merciless(無慈悲な)
1857,rhetoric,修辞(法)；美辞麗句,rhector(話者) → 人を説得するための言葉の技術,rhetorical(修辞的な)
1858,verse,韻文；詩,vertere(向きを変える) → 行の端で折り返す詩文,
1859,congestion,混雑,com(共に) + gerere(持ち込む) → 一箇所に集まり過ぎて詰まること,congested(混雑した)
1860,sewage,下水,ex(外へ) + aqua(水) → 排水・下水処理,sewer(下水管)
1861,complement,(～の)補完物，補足(to)；(文法の)補語,com(完全に) + plere(満たす) → 満たして補うもの,complementary(補完的な)
1862,subsidy,補助金；報奨金,sub(下に) + sedere(座る) → 下から支える支援金,subsidize(補助金を出す)
1863,mortgage,住宅ローン；抵当(権),mort(死) + gage(担保) → 返済不能になれば権利が失われる担保,
1864,attorney,【米】 弁護士；代理人,ad(〜へ) + tornare(向ける) → 代理で対処するよう委任された人,
1865,outfit,衣装一式；装備［道具］一式；組織,out(外へ) + fit(整える) → 全身を整える装備・衣装,
1866,bulk,〔the ～〕(～の)大半(of)；大きさ；大量,bulka(船体・膨らみ) → 膨らんだ大きな塊・大半,bulky(嵩張る)
1867,reunion,再会(の集い)；再結合,re(再び) + unus(1つ) + ion → 再び1つに集まること,reunite(再会する)
1868,synthesis,合成；総合,syn(共に) + tithemi(置く) → 要素を組み合わせて作り出すこと,synthesize(合成する) / synthetic(合成の)
1869,mold,鋳型；鋳物；性格；かび,modus(型)が語源 → 型にはめて作る型,
1870,thirst,(のどの)渇き；(～に対する)渇望(for),thurst(乾き)が語源,thirsty(喉が渇いた)
1871,greed,強欲,gredig(欲深い)が語源,greedy(強欲な)
1872,bribe,賄賂,briber(乞う・パンくず) → 企みのため手渡す賄賂,bribery(贈収賄)
1783,contempt,軽蔑；恥辱,com(強調) + temnere(軽視する) → 完全に見下すこと,contemptible(軽蔑に値する)
1874,texture,感触，手触り；本質；質感,texere(織る) + ture → 織り目の質感・手触り,
1875,orphan,孤児,orphanos(身寄りのない)が語源,orphanage(孤児院)
1876,harassment,嫌がらせ，ハラスメント,harasser(犬をけしかける・悩ませる) → 執拗に苦しめること,harass(嫌がらせをする)
1877,hay,干し草,heawen(刈り取る) → 刈り取って乾かした草,
1878,doctrine,教義；【米】(政策上の)主義,docere(教える) → 正式に教えられる決まり・教義,
1879,holistic,全体論の；(医療が)ホリスティックの,holos(全体の) + ic → 部分だけでなく全体を見る,
1880,liable,しがちな；(～を)受けやすい(to)；責任がある,ligare(縛る) + able → 義務や傾向に縛られている,liability(責任・負債)
1881,earnest,まじめな，熱心な,eornost(真剣)が語源,earnestly(真剣に)
1882,intelligible,(簡単に)理解できる,inter(の間に) + legere(選ぶ) + ible → 頭で識別して理解しやすい,
1883,abrupt,突然の,ab(離れて) + rumpere(破る) → 突発的に切れるような,abruptly(不意に)
1884,reckless,無謀な；(～を)顧みない(of),reck(配慮する) + less(ない) → 不注意で無謀な,recklessly(無謀に)
1885,furious,激怒した；猛烈な,furia(狂気) + ous → 狂気のように激怒した,fury(激怒) / furiously(猛烈に)
1886,eloquent,雄弁な；説得力のある,e(外へ) + loqui(話す) + ent → 言葉がスラスラ外へ出る,eloquence(雄弁)
1887,juvenile,青少年の,juvenis(若い) + ile → 若い人に関する,
1888,notorious,悪名高い,notus(知られた) + ious → 悪い意味で広く知れ渡った,notoriety(悪名)
1889,timid,臆病な；内気な,timere(恐れる) + id → すぐ怖がる,timidity(臆病)
1890,humid,湿気のある,humere(湿る) → 湿気が多い,humidity(湿度)
1891,contagious,感染(性)の；病気を伝染する,com(共に) + tangere(触れる) + ous → 接触によって感染しやすい,contagion(伝染病)
1892,cynical,冷笑的な，皮肉な,kynikos(犬のような・不信感を持つ) → ひねくれて信用しない,cynic(皮肉屋) / cynicism(皮肉)
1893,dumb,ばかげた；口のきけない；無言の,dumb(言葉が出ない)が語源,
1894,monotonous,単調な,monos(単一の) + tonos(音) → 一本調子で退屈な,monotony(単調さ)
1895,perpetual,永続的な；ひっきりなしの,per(ずっと) + petere(向かって進む) → 永遠に続く,perpetuate(永続させる)
1896,dizzy,目まいがする；当惑した,dysig(愚かな・ふらつく)が語源,dizziness(めまい)
1897,weary,疲れ果てた；(～に)うんざりした(of),werig(疲れた)が語源,weariness(疲労)
1898,numb,麻痺した，無感覚な；ぼう然とした,niman(奪う) → 感覚が奪われた状態,numbness(無感覚)
1899,mortal,致命的な；死すべき(運命の),mors(死) + al → 死から逃れられない,mortality(死の運命・死亡率) / immortal(不死の)
1900,zealous,熱心な；熱狂的な,zelos(熱意) + ous → 意欲に満ちあふれた,zeal(熱意) / zealot(熱狂者)
